model,name,MOS,CI_MIN,CI_MAX
deadRose,deadRose_ds_L01,0.32631579,0.33917199,0.313459589
deadRose,deadRose_ds_L02,0.43,0.445201465,0.414798535
deadRose,deadRose_ds_L03,0.623809524,0.639709897,0.60790915
deadRose,deadRose_ds_L04,0.714285714,0.731703701,0.696867728
deadRose,deadRose_ds_L05,0.933333333,0.939714555,0.926952112
deadRose,deadRose_gn_L01,0.154545455,0.163880326,0.145210583
deadRose,deadRose_gn_L02,0.2,0.214250617,0.185749383
deadRose,deadRose_gn_L03,0.3,0.313668712,0.286331288
deadRose,deadRose_gn_L04,0.368421053,0.389961912,0.346880194
deadRose,deadRose_gn_L05,0.559090909,0.575378833,0.542802986
deadRose,deadRose_JPEG_L01,0.166666667,0.174381187,0.158952146
deadRose,deadRose_JPEG_L02,0.231818182,0.239564209,0.224072155
deadRose,deadRose_JPEG_L03,0.21,0.218692982,0.201307018
deadRose,deadRose_JPEG_L04,0.280952381,0.291841833,0.270062929
deadRose,deadRose_JPEG_L05,0.519047619,0.532625491,0.505469747
deadRose,deadRose_JPEG_L06,0.838095238,0.847019927,0.829170549
deadRose,deadRose_qp_L01,0.17,0.179418608,0.160581392
deadRose,deadRose_qp_L02,0.135,0.142600733,0.127399267
deadRose,deadRose_qp_L03,0.152631579,0.160943814,0.144319344
deadRose,deadRose_qp_L04,0.2,0.207520564,0.192479436
deadRose,deadRose_qp_L05,0.154545455,0.162965277,0.146125632
deadRose,deadRose_qpqt_L01,0.16,0.168372096,0.151627904
deadRose,deadRose_qpqt_L02,0.204545455,0.212843805,0.196247104
deadRose,deadRose_qpqt_L03,0.203545121,0.213143621,0.196380189
deadRose,deadRose_qpqt_L04,0.204761905,0.213143621,0.199684351
deadRose,deadRose_qpqt_L05,0.20784351,0.215438765,0.194840014
deadRose,deadRose_qpqt_L06,0.231818182,0.241003526,0.222632838
deadRose,deadRose_qpqtJPEG_L01,0.15,0.1562117,0.1437883
deadRose,deadRose_qpqtJPEG_L02,0.22,0.229704953,0.210295047
deadRose,deadRose_qpqtJPEG_L03,0.873684211,0.882355411,0.86501301
deadRose,deadRose_qpqtJPEG_L04,0.180952381,0.188838993,0.173065769
deadRose,deadRose_qpqtJPEG_L05,0.29,0.305129249,0.274870751
deadRose,deadRose_qpqtJPEG_L06,0.865,0.873289934,0.856710066
deadRose,deadRose_qpqtJPEG_L07,0.24,0.249591441,0.230408559
deadRose,deadRose_qpqtJPEG_L08,0.284210526,0.30361738,0.264803673
deadRose,deadRose_qpqtJPEG_L09,0.836363636,0.846458649,0.826268624
deadRose,deadRose_simp_L01,0.215789474,0.227829422,0.203749525
deadRose,deadRose_simp_L02,0.177272727,0.185790648,0.168754806
deadRose,deadRose_simp_L03,0.195,0.204047942,0.185952058
deadRose,deadRose_simp_L04,0.4,0.416546808,0.383453192
deadRose,deadRose_simp_L05,0.477272727,0.493874989,0.460670466
deadRose,deadRose_simpNoTex_L01,0.172727273,0.179215182,0.166239364
deadRose,deadRose_simpNoTex_L02,0.176190476,0.183639407,0.168741545
deadRose,deadRose_simpNoTex_L03,0.257142857,0.268011744,0.24627397
deadRose,deadRose_simpNoTex_L04,0.438888889,0.454090784,0.423686994
elena,elena_ds_L01,0.290909091,0.304550763,0.277267419
elena,elena_ds_L02,0.404545455,0.418355258,0.390735651
elena,elena_ds_L03,0.573684211,0.588837872,0.558530549
elena,elena_ds_L04,0.731818182,0.744367261,0.719269103
elena,elena_ds_L05,0.973684211,0.978553345,0.968815076
elena,elena_gn_L01,0.261904762,0.275081229,0.248728295
elena,elena_gn_L02,0.594736842,0.609733234,0.57974045
elena,elena_gn_L03,0.754545455,0.767521273,0.741569636
elena,elena_gn_L04,0.816666667,0.830341397,0.802991936
elena,elena_gn_L05,0.847368421,0.860485423,0.834251419
elena,elena_JPEG_L01,0.314285714,0.326270648,0.302300781
elena,elena_JPEG_L02,0.327272727,0.339425695,0.31511976
elena,elena_JPEG_L03,0.413636364,0.425141636,0.402131091
elena,elena_JPEG_L04,0.547619048,0.559733953,0.535504142
elena,elena_JPEG_L05,0.647368421,0.663156949,0.631579893
elena,elena_JPEG_L06,0.822727273,0.835128362,0.810326183
elena,elena_qp_L01,0.159090909,0.165871023,0.152310795
elena,elena_qp_L02,0.166666667,0.175515828,0.157817505
elena,elena_qp_L03,0.210526316,0.223408834,0.197643797
elena,elena_qp_L04,0.452631579,0.466695589,0.438567569
elena,elena_qp_L05,0.677272727,0.691215576,0.663329878
elena,elena_qpqt_L01,0.168181818,0.175927845,0.160435791
elena,elena_qpqt_L02,0.177272727,0.186254831,0.168290624
elena,elena_qpqt_L03,0.213636364,0.224783027,0.202489701
elena,elena_qpqt_L04,0.20952381,0.220954554,0.198093065
elena,elena_qpqt_L05,0.48,0.501086633,0.458913367
elena,elena_qpqt_L06,0.757142857,0.772944426,0.741341289
elena,elena_qpqtJPEG_L01,0.315,0.330618995,0.299381005
elena,elena_qpqtJPEG_L02,0.51,0.527790705,0.492209296
elena,elena_qpqtJPEG_L03,0.838095238,0.848922877,0.8272676
elena,elena_qpqtJPEG_L04,0.331818182,0.341848982,0.321787381
elena,elena_qpqtJPEG_L05,0.531578947,0.549173403,0.513984492
elena,elena_qpqtJPEG_L06,0.842857143,0.854150044,0.831564242
elena,elena_qpqtJPEG_L07,0.736363636,0.749896608,0.722830665
elena,elena_qpqtJPEG_L08,0.8,0.810963012,0.789036988
elena,elena_qpqtJPEG_L09,0.919047619,0.926314099,0.911781139
elena,elena_simp_L01,0.173684211,0.182355411,0.16501301
elena,elena_simp_L02,0.168181818,0.177799186,0.158564451
elena,elena_simp_L03,0.3,0.3124234,0.2875766
elena,elena_simp_L04,0.52,0.538603205,0.501396795
elena,elena_simp_L05,0.705263158,0.722644574,0.687881742
elena,elena_simpNoTex_L01,0.190909091,0.198924523,0.182893658
elena,elena_simpNoTex_L02,0.40952381,0.425125891,0.393921728
elena,elena_simpNoTex_L03,0.8,0.810664186,0.789335814
elena,elena_simpNoTex_L04,0.89,0.898038411,0.881961589
fruitSet,fruitSet_ds_L01,0.428571429,0.441263554,0.415879303
fruitSet,fruitSet_ds_L02,0.484210526,0.497275785,0.471145268
fruitSet,fruitSet_ds_L03,0.605263158,0.625706896,0.58481942
fruitSet,fruitSet_ds_L04,0.68,0.691747068,0.668252932
fruitSet,fruitSet_ds_L05,0.909090909,0.918926557,0.899255261
fruitSet,fruitSet_gn_L01,0.157142857,0.168011744,0.14627397
fruitSet,fruitSet_gn_L02,0.22,0.22912328,0.21087672
fruitSet,fruitSet_gn_L03,0.319047619,0.331162524,0.306932714
fruitSet,fruitSet_gn_L04,0.344444444,0.360180863,0.328708026
fruitSet,fruitSet_gn_L05,0.410526316,0.431102164,0.389950468
fruitSet,fruitSet_JPEG_L01,0.281818182,0.291949705,0.271686659
fruitSet,fruitSet_JPEG_L02,0.276190476,0.288025122,0.26435583
fruitSet,fruitSet_JPEG_L03,0.322727273,0.334796399,0.310658146
fruitSet,fruitSet_JPEG_L04,0.395454546,0.407369723,0.383539368
fruitSet,fruitSet_JPEG_L05,0.513636364,0.526788828,0.500483899
fruitSet,fruitSet_JPEG_L06,0.819047619,0.829937071,0.808158167
fruitSet,fruitSet_qp_L01,0.145,0.151169097,0.138830903
fruitSet,fruitSet_qp_L02,0.172727273,0.180365294,0.165089251
fruitSet,fruitSet_qp_L03,0.180952381,0.188838993,0.173065769
fruitSet,fruitSet_qp_L04,0.195238095,0.203039136,0.187437054
fruitSet,fruitSet_qp_L05,0.190476191,0.198531219,0.182421162
fruitSet,fruitSet_qpqt_L01,0.166666667,0.174381187,0.158952146
fruitSet,fruitSet_qpqt_L02,0.18,0.187831379,0.172168621
fruitSet,fruitSet_qpqt_L03,0.185714286,0.193988539,0.177440032
fruitSet,fruitSet_qpqt_L04,0.2,0.206130879,0.193869121
fruitSet,fruitSet_qpqt_L05,0.218181818,0.233165003,0.203198634
fruitSet,fruitSet_qpqt_L06,0.238095238,0.248922877,0.2272676
fruitSet,fruitSet_qpqtJPEG_L01,0.268181818,0.280730897,0.255632739
fruitSet,fruitSet_qpqtJPEG_L02,0.413636364,0.428251539,0.399021189
fruitSet,fruitSet_qpqtJPEG_L03,0.865,0.874519809,0.855480191
fruitSet,fruitSet_qpqtJPEG_L04,0.278947368,0.290050703,0.267844034
fruitSet,fruitSet_qpqtJPEG_L05,0.37,0.383684921,0.35631508
fruitSet,fruitSet_qpqtJPEG_L06,0.85,0.85906306,0.84093694
fruitSet,fruitSet_qpqtJPEG_L07,0.363157895,0.376681722,0.349634068
fruitSet,fruitSet_qpqtJPEG_L08,0.438095238,0.455293471,0.420897005
fruitSet,fruitSet_qpqtJPEG_L09,0.881818182,0.889160425,0.874475939
fruitSet,fruitSet_simp_L01,0.238095238,0.248922877,0.2272676
fruitSet,fruitSet_simp_L02,0.263636364,0.278041604,0.249231124
fruitSet,fruitSet_simp_L03,0.428571429,0.445950837,0.41119202
fruitSet,fruitSet_simp_L04,0.577272727,0.592603059,0.561942396
fruitSet,fruitSet_simp_L05,0.872727273,0.883460483,0.861994063
fruitSet,fruitSet_simpNoTex_L01,0.166666667,0.175515828,0.157817505
fruitSet,fruitSet_simpNoTex_L02,0.242857143,0.253284788,0.232429498
fruitSet,fruitSet_simpNoTex_L03,0.261904762,0.276757501,0.247052023
fruitSet,fruitSet_simpNoTex_L04,0.325,0.340478122,0.309521878
hawk,hawk_ds_L01,0.205,0.214047942,0.195952058
hawk,hawk_ds_L02,0.272727273,0.281363579,0.264090967
hawk,hawk_ds_L03,0.485714286,0.499857133,0.471571438
hawk,hawk_ds_L04,0.631578947,0.645952617,0.617205278
hawk,hawk_ds_L05,0.828571429,0.844245047,0.81289781
hawk,hawk_gn_L01,0.20952381,0.217578838,0.201468781
hawk,hawk_gn_L02,0.380952381,0.395531454,0.366373308
hawk,hawk_gn_L03,0.45,0.461664633,0.438335367
hawk,hawk_gn_L04,0.615789474,0.633460761,0.598118186
hawk,hawk_gn_L05,0.680952381,0.697062439,0.664842323
hawk,hawk_JPEG_L01,0.2,0.209012882,0.190987118
hawk,hawk_JPEG_L02,0.238888889,0.255063806,0.222713972
hawk,hawk_JPEG_L03,0.257894737,0.270985893,0.244803581
hawk,hawk_JPEG_L04,0.404545455,0.423121018,0.385969891
hawk,hawk_JPEG_L05,0.495454546,0.51336214,0.477546951
hawk,hawk_JPEG_L06,0.87,0.877473591,0.862526409
hawk,hawk_qp_L01,0.142857143,0.150092768,0.135621518
hawk,hawk_qp_L02,0.15,0.154726395,0.145273605
hawk,hawk_qp_L03,0.175,0.183677219,0.166322781
hawk,hawk_qp_L04,0.195454546,0.201485283,0.189423808
hawk,hawk_qp_L05,0.31,0.322774307,0.297225693
hawk,hawk_qpqt_L01,0.142105263,0.149558152,0.134652374
hawk,hawk_qpqt_L02,0.152543121,0.159545022,0.144843544
hawk,hawk_qpqt_L03,0.163636364,0.168183588,0.15908914
hawk,hawk_qpqt_L04,0.17,0.179418608,0.160581392
hawk,hawk_qpqt_L05,0.175,0.182306873,0.167693127
hawk,hawk_qpqt_L06,0.304545455,0.315758172,0.293332737
hawk,hawk_qpqtJPEG_L01,0.242857143,0.252340915,0.23337337
hawk,hawk_qpqtJPEG_L02,0.410526316,0.430786997,0.390265635
hawk,hawk_qpqtJPEG_L03,0.868181818,0.879361557,0.857002079
hawk,hawk_qpqtJPEG_L04,0.238095238,0.250538125,0.225652351
hawk,hawk_qpqtJPEG_L05,0.481818182,0.497070035,0.466566329
hawk,hawk_qpqtJPEG_L06,0.885714286,0.893399749,0.878028822
hawk,hawk_qpqtJPEG_L07,0.41,0.425486964,0.394513036
hawk,hawk_qpqtJPEG_L08,0.642105263,0.656596271,0.627614256
hawk,hawk_qpqtJPEG_L09,0.859090909,0.869624455,0.848557364
hawk,hawk_simp_L01,0.154545455,0.161366291,0.147724619
hawk,hawk_simp_L02,0.223809524,0.231864553,0.215754495
hawk,hawk_simp_L03,0.294444444,0.306469212,0.282419677
hawk,hawk_simp_L04,0.40952381,0.425716981,0.393330638
hawk,hawk_simp_L05,0.575,0.593388559,0.556611441
hawk,hawk_simpNoTex_L01,0.19,0.199301602,0.180698398
hawk,hawk_simpNoTex_L02,0.172727273,0.181363579,0.164090967
hawk,hawk_simpNoTex_L03,0.19,0.198038411,0.181961589
hawk,hawk_simpNoTex_L04,0.247619048,0.257608359,0.237629737
muscaDomestica,muscaDomestica_ds_L01,0.168181818,0.177367163,0.158996474
muscaDomestica,muscaDomestica_ds_L02,0.195238095,0.206901354,0.183574837
muscaDomestica,muscaDomestica_ds_L03,0.255,0.264047942,0.245952058
muscaDomestica,muscaDomestica_ds_L04,0.485714286,0.500185535,0.471243036
muscaDomestica,muscaDomestica_ds_L05,0.816666667,0.834677351,0.798655983
muscaDomestica,muscaDomestica_gn_L01,0.421052632,0.436094125,0.406011138
muscaDomestica,muscaDomestica_gn_L02,0.555,0.569604374,0.540395626
muscaDomestica,muscaDomestica_gn_L03,0.705263158,0.717933604,0.692592712
muscaDomestica,muscaDomestica_gn_L04,0.778947368,0.795612535,0.762282202
muscaDomestica,muscaDomestica_gn_L05,0.827272727,0.841288213,0.813257242
muscaDomestica,muscaDomestica_JPEG_L01,0.195238095,0.20562274,0.184853451
muscaDomestica,muscaDomestica_JPEG_L02,0.190909091,0.197837348,0.183980834
muscaDomestica,muscaDomestica_JPEG_L03,0.257142857,0.272944426,0.241341289
muscaDomestica,muscaDomestica_JPEG_L04,0.3,0.321224064,0.278775936
muscaDomestica,muscaDomestica_JPEG_L05,0.380952381,0.402545579,0.359359183
muscaDomestica,muscaDomestica_JPEG_L06,0.773684211,0.787963315,0.759405106
muscaDomestica,muscaDomestica_qp_L01,0.177777778,0.189205899,0.166349656
muscaDomestica,muscaDomestica_qp_L02,0.183333333,0.19385343,0.172813237
muscaDomestica,muscaDomestica_qp_L03,0.195238095,0.206065734,0.184410457
muscaDomestica,muscaDomestica_qp_L04,0.190476191,0.197925121,0.18302726
muscaDomestica,muscaDomestica_qp_L05,0.389473684,0.40131508,0.377632288
muscaDomestica,muscaDomestica_qpqt_L01,0.140909091,0.147689205,0.134128977
muscaDomestica,muscaDomestica_qpqt_L02,0.176190476,0.186767247,0.165613705
muscaDomestica,muscaDomestica_qpqt_L03,0.190909091,0.200322739,0.181495443
muscaDomestica,muscaDomestica_qpqt_L04,0.211111111,0.224582779,0.197639443
muscaDomestica,muscaDomestica_qpqt_L05,0.231578947,0.241759315,0.22139858
muscaDomestica,muscaDomestica_qpqt_L06,0.365,0.380618995,0.349381005
muscaDomestica,muscaDomestica_qpqtJPEG_L01,0.209090909,0.219331181,0.198850637
muscaDomestica,muscaDomestica_qpqtJPEG_L02,0.319047619,0.335446731,0.302648507
muscaDomestica,muscaDomestica_qpqtJPEG_L03,0.755,0.768018458,0.741981542
muscaDomestica,muscaDomestica_qpqtJPEG_L04,0.242857143,0.254150044,0.231564242
muscaDomestica,muscaDomestica_qpqtJPEG_L05,0.33,0.348749804,0.311250196
muscaDomestica,muscaDomestica_qpqtJPEG_L06,0.804545455,0.815008658,0.794082251
muscaDomestica,muscaDomestica_qpqtJPEG_L07,0.328571429,0.341263554,0.315879303
muscaDomestica,muscaDomestica_qpqtJPEG_L08,0.45,0.46298293,0.43701707
muscaDomestica,muscaDomestica_qpqtJPEG_L09,0.8,0.812639131,0.787360869
muscaDomestica,muscaDomestica_simp_L01,0.194444444,0.203584158,0.185304731
muscaDomestica,muscaDomestica_simp_L02,0.195,0.204047942,0.185952058
muscaDomestica,muscaDomestica_simp_L03,0.245,0.259604374,0.230395626
muscaDomestica,muscaDomestica_simp_L04,0.352631579,0.363009642,0.342253516
muscaDomestica,muscaDomestica_simp_L05,0.468181818,0.483632107,0.452731529
muscaDomestica,muscaDomestica_simpNoTex_L01,0.155,0.164634165,0.145365835
muscaDomestica,muscaDomestica_simpNoTex_L02,0.245454546,0.257111262,0.233797829
muscaDomestica,muscaDomestica_simpNoTex_L03,0.266666667,0.277860069,0.255473264
muscaDomestica,muscaDomestica_simpNoTex_L04,0.242105263,0.258275314,0.225935212
plant,plant_ds_L01,0.238095238,0.252301224,0.223889252
plant,plant_ds_L02,0.305555556,0.32234786,0.288763251
plant,plant_ds_L03,0.40952381,0.424821785,0.394225835
plant,plant_ds_L04,0.6,0.611400494,0.588599506
plant,plant_ds_L05,0.695,0.718511611,0.671488389
plant,plant_gn_L01,0.20952381,0.220535849,0.19851177
plant,plant_gn_L02,0.35,0.367142182,0.332857818
plant,plant_gn_L03,0.477777778,0.493187453,0.462368102
plant,plant_gn_L04,0.457142857,0.473528321,0.440757394
plant,plant_gn_L05,0.680952381,0.697914831,0.663989931
plant,plant_JPEG_L01,0.222727273,0.234796399,0.210658146
plant,plant_JPEG_L02,0.247368421,0.258349063,0.236387779
plant,plant_JPEG_L03,0.294736842,0.310156378,0.279317307
plant,plant_JPEG_L04,0.380952381,0.39487199,0.367032772
plant,plant_JPEG_L05,0.538888889,0.55961435,0.518163428
plant,plant_JPEG_L06,0.713636364,0.731502672,0.695770055
plant,plant_qp_L01,0.2,0.206618723,0.193381277
plant,plant_qp_L02,0.204545455,0.210576192,0.198514717
plant,plant_qp_L03,0.210526316,0.221225757,0.199826875
plant,plant_qp_L04,0.252380952,0.262370263,0.242391641
plant,plant_qp_L05,0.427777778,0.444264279,0.411291277
plant,plant_qpqt_L01,0.205263158,0.217933604,0.192592712
plant,plant_qpqt_L02,0.222727273,0.233740638,0.211713908
plant,plant_qpqt_L03,0.20952381,0.218671341,0.200376278
plant,plant_qpqt_L04,0.263636364,0.27557476,0.251697967
plant,plant_qpqt_L05,0.3,0.31175136,0.28824864
plant,plant_qpqt_L06,0.476190476,0.493231883,0.459149069
plant,plant_qpqtJPEG_L01,0.238095238,0.248922877,0.2272676
plant,plant_qpqtJPEG_L02,0.366666667,0.381788121,0.351545213
plant,plant_qpqtJPEG_L03,0.757894737,0.770484735,0.745304739
plant,plant_qpqtJPEG_L04,0.23,0.240517316,0.219482684
plant,plant_qpqtJPEG_L05,0.352380952,0.364495858,0.340266047
plant,plant_qpqtJPEG_L06,0.688888889,0.706745885,0.671031893
plant,plant_qpqtJPEG_L07,0.404761905,0.419927682,0.389596128
plant,plant_qpqtJPEG_L08,0.5,0.512639131,0.487360869
plant,plant_qpqtJPEG_L09,0.768181818,0.778992154,0.757371482
plant,plant_simp_L01,0.2,0.207034843,0.192965157
plant,plant_simp_L02,0.280952381,0.295205537,0.266699225
plant,plant_simp_L03,0.30952381,0.32387084,0.295176779
plant,plant_simp_L04,0.361904762,0.379374053,0.344435471
plant,plant_simp_L05,0.53,0.548455441,0.511544559
plant,plant_simpNoTex_L01,0.209090909,0.217106342,0.201075477
plant,plant_simpNoTex_L02,0.22,0.232645053,0.207354947
plant,plant_simpNoTex_L03,0.290476191,0.303447297,0.277505084
plant,plant_simpNoTex_L04,0.352380952,0.370931053,0.333830852
rafa,rafa_ds_L01,0.33,0.346246236,0.313753765
rafa,rafa_ds_L02,0.352631579,0.370700876,0.334562282
rafa,rafa_ds_L03,0.535,0.552597279,0.517402721
rafa,rafa_ds_L04,0.79,0.805129249,0.774870751
rafa,rafa_ds_L05,0.945454546,0.953874368,0.937034723
rafa,rafa_gn_L01,0.242857143,0.253284788,0.232429498
rafa,rafa_gn_L02,0.4,0.413060907,0.386939093
rafa,rafa_gn_L03,0.418181818,0.434464073,0.401899563
rafa,rafa_gn_L04,0.685714286,0.695055437,0.676373134
rafa,rafa_gn_L05,0.695238095,0.709109401,0.68136679
rafa,rafa_JPEG_L01,0.276190476,0.288025122,0.26435583
rafa,rafa_JPEG_L02,0.309090909,0.319331181,0.298850637
rafa,rafa_JPEG_L03,0.376190476,0.391178175,0.361202777
rafa,rafa_JPEG_L04,0.563636364,0.576236828,0.551035899
rafa,rafa_JPEG_L05,0.671428571,0.685186508,0.657670635
rafa,rafa_JPEG_L06,0.863636364,0.874506308,0.852766419
rafa,rafa_qp_L01,0.163157895,0.17404561,0.152270179
rafa,rafa_qp_L02,0.186363636,0.193514808,0.179212464
rafa,rafa_qp_L03,0.285,0.303507292,0.266492708
rafa,rafa_qp_L04,0.555,0.569224482,0.540775518
rafa,rafa_qp_L05,0.823809524,0.833932328,0.813686719
rafa,rafa_qpqt_L01,0.159090909,0.168396067,0.149785751
rafa,rafa_qpqt_L02,0.180952381,0.190459716,0.171445046
rafa,rafa_qpqt_L03,0.2,0.210297956,0.189702044
rafa,rafa_qpqt_L04,0.28,0.294272521,0.265727479
rafa,rafa_qpqt_L05,0.455,0.468432503,0.441567497
rafa,rafa_qpqt_L06,0.821052632,0.830929039,0.811176225
rafa,rafa_qpqtJPEG_L01,0.305263158,0.322644574,0.287881742
rafa,rafa_qpqtJPEG_L02,0.528571429,0.543633583,0.513509275
rafa,rafa_qpqtJPEG_L03,0.872727273,0.883832452,0.861622094
rafa,rafa_qpqtJPEG_L04,0.384210526,0.39954195,0.368879103
rafa,rafa_qpqtJPEG_L05,0.580952381,0.595531454,0.566373308
rafa,rafa_qpqtJPEG_L06,0.872727273,0.881821721,0.863632825
rafa,rafa_qpqtJPEG_L07,0.835,0.846112263,0.823887737
rafa,rafa_qpqtJPEG_L08,0.822727273,0.833740638,0.811713908
rafa,rafa_qpqtJPEG_L09,0.942857143,0.948650279,0.937064007
rafa,rafa_simp_L01,0.185714286,0.195545564,0.175883008
rafa,rafa_simp_L02,0.254545455,0.265105257,0.243985652
rafa,rafa_simp_L03,0.438095238,0.449758496,0.42643198
rafa,rafa_simp_L04,0.495238095,0.515216717,0.475259473
rafa,rafa_simp_L05,0.72,0.730774501,0.709225499
rafa,rafa_simpNoTex_L01,0.195,0.205186707,0.184813293
rafa,rafa_simpNoTex_L02,0.355555556,0.373554464,0.337556647
rafa,rafa_simpNoTex_L03,0.53,0.545905606,0.514094394
rafa,rafa_simpNoTex_L04,0.804761905,0.815146549,0.794377261
tastyFood,tastyFood_ds_L01,0.225,0.2364041,0.2135959
tastyFood,tastyFood_ds_L02,0.24,0.251653465,0.228346535
tastyFood,tastyFood_ds_L03,0.47,0.484463084,0.455536916
tastyFood,tastyFood_ds_L04,0.680952381,0.694530253,0.667374509
tastyFood,tastyFood_ds_L05,0.877272727,0.893378275,0.86116718
tastyFood,tastyFood_gn_L01,0.2,0.210297956,0.189702044
tastyFood,tastyFood_gn_L02,0.26,0.271653465,0.248346535
tastyFood,tastyFood_gn_L03,0.271428571,0.284485637,0.258371506
tastyFood,tastyFood_gn_L04,0.386363636,0.399203579,0.373523694
tastyFood,tastyFood_gn_L05,0.405,0.418834161,0.391165839
tastyFood,tastyFood_JPEG_L01,0.185714286,0.195055437,0.176373134
tastyFood,tastyFood_JPEG_L02,0.204545455,0.215008658,0.194082251
tastyFood,tastyFood_JPEG_L03,0.236842105,0.248305641,0.225378569
tastyFood,tastyFood_JPEG_L04,0.236363636,0.244192638,0.228534635
tastyFood,tastyFood_JPEG_L05,0.461904762,0.476110748,0.447698776
tastyFood,tastyFood_JPEG_L06,0.735,0.746594579,0.723405421
tastyFood,tastyFood_qp_L01,0.142857143,0.151292076,0.134422209
tastyFood,tastyFood_qp_L02,0.145,0.152743482,0.137256518
tastyFood,tastyFood_qp_L03,0.152631579,0.160129775,0.145133383
tastyFood,tastyFood_qp_L04,0.190476191,0.201052962,0.179899419
tastyFood,tastyFood_qp_L05,0.365,0.376594579,0.353405421
tastyFood,tastyFood_qpqt_L01,0.125453878,0.132428132,0.115190915
tastyFood,tastyFood_qpqt_L02,0.123809524,0.132428132,0.115190915
tastyFood,tastyFood_qpqt_L03,0.127272727,0.133760637,0.120784818
tastyFood,tastyFood_qpqt_L04,0.138095238,0.145896279,0.130294197
tastyFood,tastyFood_qpqt_L05,0.209090909,0.217106342,0.201075477
tastyFood,tastyFood_qpqt_L06,0.295,0.308432503,0.281567497
tastyFood,tastyFood_qpqtJPEG_L01,0.195238095,0.204674567,0.185801624
tastyFood,tastyFood_qpqtJPEG_L02,0.314285714,0.328756964,0.299814465
tastyFood,tastyFood_qpqtJPEG_L03,0.70952381,0.722494916,0.696552703
tastyFood,tastyFood_qpqtJPEG_L04,0.254545455,0.265483125,0.243607784
tastyFood,tastyFood_qpqtJPEG_L05,0.316666667,0.33289393,0.300439403
tastyFood,tastyFood_qpqtJPEG_L06,0.738095238,0.751271705,0.724918772
tastyFood,tastyFood_qpqtJPEG_L07,0.355555556,0.371769748,0.339341363
tastyFood,tastyFood_qpqtJPEG_L08,0.405263158,0.417415108,0.393111208
tastyFood,tastyFood_qpqtJPEG_L09,0.776190476,0.788794154,0.763586799
tastyFood,tastyFood_simp_L01,0.16,0.169002437,0.150997563
tastyFood,tastyFood_simp_L02,0.142857143,0.152824031,0.132890255
tastyFood,tastyFood_simp_L03,0.272727273,0.285844598,0.259609947
tastyFood,tastyFood_simp_L04,0.390476191,0.406669362,0.374283019
tastyFood,tastyFood_simp_L05,0.752380952,0.763270405,0.7414915
tastyFood,tastyFood_simpNoTex_L01,0.142105263,0.149558152,0.134652374
tastyFood,tastyFood_simpNoTex_L02,0.163636364,0.171465365,0.155807362
tastyFood,tastyFood_simpNoTex_L03,0.166666667,0.179624938,0.153708395
tastyFood,tastyFood_simpNoTex_L04,0.29,0.303196015,0.276803985
vase,vase_ds_L01,0.242857143,0.254558704,0.231155582
vase,vase_ds_L02,0.354545455,0.368718128,0.340372781
vase,vase_ds_L03,0.545454546,0.559627219,0.531281872
vase,vase_ds_L04,0.686363636,0.697139762,0.67558751
vase,vase_ds_L05,0.89,0.898038411,0.881961589
vase,vase_gn_L01,0.213636364,0.221334575,0.205938152
vase,vase_gn_L02,0.22,0.228501904,0.211498096
vase,vase_gn_L03,0.310526316,0.32731298,0.293739652
vase,vase_gn_L04,0.389473684,0.405067951,0.373879418
vase,vase_gn_L05,0.533333333,0.551554872,0.515111794
vase,vase_JPEG_L01,0.228571429,0.235523192,0.221619665
vase,vase_JPEG_L02,0.268181818,0.280065966,0.25629767
vase,vase_JPEG_L03,0.305,0.317590805,0.292409195
vase,vase_JPEG_L04,0.383333333,0.397555268,0.369111399
vase,vase_JPEG_L05,0.719047619,0.732625491,0.705469747
vase,vase_JPEG_L06,0.9,0.906854531,0.893145469
vase,vase_qp_L01,0.209090909,0.219331181,0.198850637
vase,vase_qp_L02,0.19,0.198692982,0.181307018
vase,vase_qp_L03,0.165,0.170988939,0.159011061
vase,vase_qp_L04,0.2,0.209196319,0.190803682
vase,vase_qp_L05,0.295,0.31103419,0.27896581
vase,vase_qpqt_L01,0.173684211,0.18493903,0.162429391
vase,vase_qpqt_L02,0.2,0.209196319,0.190803682
vase,vase_qpqt_L03,0.18,0.188501904,0.171498096
vase,vase_qpqt_L04,0.231578947,0.241106254,0.222051641
vase,vase_qpqt_L05,0.272727273,0.285209974,0.260244572
vase,vase_qpqt_L06,0.304545455,0.317442782,0.291648127
vase,vase_qpqtJPEG_L01,0.273684211,0.28549697,0.261871452
vase,vase_qpqtJPEG_L02,0.477272727,0.489673817,0.464871638
vase,vase_qpqtJPEG_L03,0.9,0.905731982,0.894268018
vase,vase_qpqtJPEG_L04,0.263636364,0.276865805,0.250406922
vase,vase_qpqtJPEG_L05,0.477777778,0.49414813,0.461407426
vase,vase_qpqtJPEG_L06,0.92,0.926279072,0.913720928
vase,vase_qpqtJPEG_L07,0.304761905,0.320830245,0.288693565
vase,vase_qpqtJPEG_L08,0.495454546,0.508663038,0.482246053
vase,vase_qpqtJPEG_L09,0.890909091,0.89654419,0.885273992
vase,vase_simp_L01,0.181818182,0.190194037,0.173442327
vase,vase_simp_L02,0.255,0.266210386,0.243789614
vase,vase_simp_L03,0.311111111,0.329803426,0.292418796
vase,vase_simp_L04,0.338095238,0.35356772,0.322622756
vase,vase_simp_L05,0.518181818,0.534955555,0.501408082
vase,vase_simpNoTex_L01,0.210526316,0.222899229,0.198153403
vase,vase_simpNoTex_L02,0.315789474,0.33153504,0.300043908
vase,vase_simpNoTex_L03,0.423809524,0.441393704,0.406225344
vase,vase_simpNoTex_L04,0.616666667,0.627888859,0.605444474
vaso,vaso_ds_L01,0.314285714,0.327030614,0.301540815
vaso,vaso_ds_L02,0.38,0.396744192,0.363255808
vaso,vaso_ds_L03,0.58,0.596076823,0.563923177
vaso,vaso_ds_L04,0.736363636,0.752115682,0.72061159
vaso,vaso_ds_L05,0.940909091,0.946361021,0.935457161
vaso,vaso_gn_L01,0.357142857,0.368435758,0.345849956
vaso,vaso_gn_L02,0.6,0.612261758,0.587738242
vaso,vaso_gn_L03,0.640909091,0.651821414,0.629996768
vaso,vaso_gn_L04,0.727777778,0.739371666,0.716183889
vaso,vaso_gn_L05,0.780952381,0.792673047,0.769231715
vaso,vaso_JPEG_L01,0.195238095,0.204674567,0.185801624
vaso,vaso_JPEG_L02,0.281818182,0.291540556,0.272095808
vaso,vaso_JPEG_L03,0.338095238,0.350154613,0.326035864
vaso,vaso_JPEG_L04,0.466666667,0.48229493,0.451038403
vaso,vaso_JPEG_L05,0.577777778,0.595491725,0.560063831
vaso,vaso_JPEG_L06,0.865,0.873926079,0.856073921
vaso,vaso_qp_L01,0.15,0.157020216,0.142979784
vaso,vaso_qp_L02,0.159090909,0.166445714,0.151736104
vaso,vaso_qp_L03,0.168181818,0.174151016,0.16221262
vaso,vaso_qp_L04,0.2,0.205317842,0.194682158
vaso,vaso_qp_L05,0.336842105,0.349881415,0.323802796
vaso,vaso_qpqt_L01,0.152380952,0.161888287,0.142873618
vaso,vaso_qpqt_L02,0.154545455,0.164713357,0.144377553
vaso,vaso_qpqt_L03,0.159090909,0.167477777,0.150704041
vaso,vaso_qpqt_L04,0.178947368,0.191154934,0.166739803
vaso,vaso_qpqt_L05,0.195,0.201169097,0.188830903
vaso,vaso_qpqt_L06,0.3,0.316546808,0.283453192
vaso,vaso_qpqtJPEG_L01,0.238095238,0.249348445,0.226842031
vaso,vaso_qpqtJPEG_L02,0.386363636,0.401790008,0.370937265
vaso,vaso_qpqtJPEG_L03,0.813636364,0.826155985,0.801116743
vaso,vaso_qpqtJPEG_L04,0.257894737,0.272385744,0.243403729
vaso,vaso_qpqtJPEG_L05,0.427272727,0.44488405,0.409661404
vaso,vaso_qpqtJPEG_L06,0.842857143,0.852824031,0.832890255
vaso,vaso_qpqtJPEG_L07,0.390476191,0.404152573,0.376799808
vaso,vaso_qpqtJPEG_L08,0.533333333,0.544098803,0.522567864
vaso,vaso_qpqtJPEG_L09,0.822727273,0.831245194,0.814209352
vaso,vaso_simp_L01,0.176190476,0.184809085,0.167571868
vaso,vaso_simp_L02,0.189473684,0.19955375,0.179393619
vaso,vaso_simp_L03,0.25,0.262666226,0.237333774
vaso,vaso_simp_L04,0.419047619,0.433300775,0.404794463
vaso,vaso_simp_L05,0.465,0.480965741,0.449034259
vaso,vaso_simpNoTex_L01,0.2,0.205945528,0.194054472
vaso,vaso_simpNoTex_L02,0.236363636,0.24244012,0.230287153
vaso,vaso_simpNoTex_L03,0.365,0.381963505,0.348036495
vaso,vaso_simpNoTex_L04,0.494736842,0.516104045,0.473369639
violin,violin_ds_L01,0.20952381,0.22174902,0.197298599
violin,violin_ds_L02,0.233333333,0.24572216,0.220944507
violin,violin_ds_L03,0.268181818,0.278212619,0.258151018
violin,violin_ds_L04,0.427777778,0.447625348,0.407930208
violin,violin_ds_L05,0.65,0.66302897,0.63697103
violin,violin_gn_L01,0.265,0.277057617,0.252942383
violin,violin_gn_L02,0.277272727,0.286696176,0.267849278
violin,violin_gn_L03,0.325,0.334286873,0.315713127
violin,violin_gn_L04,0.476190476,0.490861339,0.461519614
violin,violin_gn_L05,0.535,0.548754767,0.521245233
violin,violin_JPEG_L01,0.259090909,0.268396067,0.249785751
violin,violin_JPEG_L02,0.276190476,0.287202515,0.265178437
violin,violin_JPEG_L03,0.318181818,0.329806816,0.30655682
violin,violin_JPEG_L04,0.516666667,0.534248463,0.49908487
violin,violin_JPEG_L05,0.70952381,0.72174902,0.697298599
violin,violin_JPEG_L06,0.842857143,0.854558704,0.831155582
violin,violin_qp_L01,0.247368421,0.254866617,0.239870225
violin,violin_qp_L02,0.252631579,0.263009642,0.242253516
violin,violin_qp_L03,0.331818182,0.344686849,0.318949515
violin,violin_qp_L04,0.6,0.61175136,0.58824864
violin,violin_qp_L05,0.855,0.863421009,0.846578991
violin,violin_qpqt_L01,0.195,0.204047942,0.185952058
violin,violin_qpqt_L02,0.176190476,0.187202515,0.165178437
violin,violin_qpqt_L03,0.2,0.208408246,0.191591754
violin,violin_qpqt_L04,0.304761905,0.316425163,0.293098647
violin,violin_qpqt_L05,0.654545455,0.666202171,0.642888738
violin,violin_qpqt_L06,0.872727273,0.881821721,0.863632825
violin,violin_qpqtJPEG_L01,0.26,0.271653465,0.248346535
violin,violin_qpqtJPEG_L02,0.463157895,0.48320008,0.443115709
violin,violin_qpqtJPEG_L03,0.866666667,0.876031739,0.857301594
violin,violin_qpqtJPEG_L04,0.375,0.390120198,0.359879802
violin,violin_qpqtJPEG_L05,0.495,0.508834161,0.481165839
violin,violin_qpqtJPEG_L06,0.866666667,0.877432136,0.855901197
violin,violin_qpqtJPEG_L07,0.828571429,0.840500226,0.816642631
violin,violin_qpqtJPEG_L08,0.82631579,0.839663157,0.812968422
violin,violin_qpqtJPEG_L09,0.942105263,0.947564653,0.936645874
violin,violin_simp_L01,0.290476191,0.305147053,0.275805328
violin,violin_simp_L02,0.295238095,0.308414562,0.282061629
violin,violin_simp_L03,0.505263158,0.523010945,0.487515371
violin,violin_simp_L04,0.613636364,0.628251539,0.599021189
violin,violin_simp_L05,0.85,0.86170036,0.83829964
violin,violin_simpNoTex_L01,0.215,0.223289934,0.206710066
violin,violin_simpNoTex_L02,0.32631579,0.349242861,0.303388718
violin,violin_simpNoTex_L03,0.478947368,0.50034625,0.457548487
violin,violin_simpNoTex_L04,0.614285714,0.636238567,0.592332862
wareBowl,wareBowl_ds_L01,0.419047619,0.430360315,0.407734923
wareBowl,wareBowl_ds_L02,0.480952381,0.49487199,0.467032772
wareBowl,wareBowl_ds_L03,0.694444444,0.708242651,0.680646238
wareBowl,wareBowl_ds_L04,0.838888889,0.849328061,0.828449717
wareBowl,wareBowl_ds_L05,0.990476191,0.993392005,0.987560376
wareBowl,wareBowl_gn_L01,0.485714286,0.499520923,0.471907649
wareBowl,wareBowl_gn_L02,0.618181818,0.633165003,0.603198634
wareBowl,wareBowl_gn_L03,0.704545455,0.723338399,0.68575251
wareBowl,wareBowl_gn_L04,0.75,0.763594223,0.736405777
wareBowl,wareBowl_gn_L05,0.861904762,0.875081229,0.848728295
wareBowl,wareBowl_JPEG_L01,0.205,0.218018458,0.191981542
wareBowl,wareBowl_JPEG_L02,0.23,0.239418608,0.220581392
wareBowl,wareBowl_JPEG_L03,0.313636364,0.324783027,0.302489701
wareBowl,wareBowl_JPEG_L04,0.523809524,0.542431851,0.505187197
wareBowl,wareBowl_JPEG_L05,0.766666667,0.78239728,0.750936053
wareBowl,wareBowl_JPEG_L06,0.886363636,0.896357559,0.876369714
wareBowl,wareBowl_qp_L01,0.165,0.173289934,0.156710066
wareBowl,wareBowl_qp_L02,0.168181818,0.175384438,0.160979198
wareBowl,wareBowl_qp_L03,0.180952381,0.189951964,0.171952798
wareBowl,wareBowl_qp_L04,0.18,0.189704953,0.170295047
wareBowl,wareBowl_qp_L05,0.447619048,0.462198121,0.433039975
wareBowl,wareBowl_qpqt_L01,0.15,0.15906306,0.14093694
wareBowl,wareBowl_qpqt_L02,0.17,0.179983089,0.160016912
wareBowl,wareBowl_qpqt_L03,0.186363636,0.195942534,0.176784739
wareBowl,wareBowl_qpqt_L04,0.185714286,0.196887682,0.174540889
wareBowl,wareBowl_qpqt_L05,0.254545455,0.265105257,0.243985652
wareBowl,wareBowl_qpqt_L06,0.473684211,0.488837872,0.458530549
wareBowl,wareBowl_qpqtJPEG_L01,0.263157895,0.278040933,0.248274856
wareBowl,wareBowl_qpqtJPEG_L02,0.527272727,0.542669151,0.511876304
wareBowl,wareBowl_qpqtJPEG_L03,0.938095238,0.943810611,0.932379866
wareBowl,wareBowl_qpqtJPEG_L04,0.277272727,0.286696176,0.267849278
wareBowl,wareBowl_qpqtJPEG_L05,0.505263158,0.517933604,0.492592712
wareBowl,wareBowl_qpqtJPEG_L06,0.928571429,0.934810827,0.92233203
wareBowl,wareBowl_qpqtJPEG_L07,0.495454546,0.505110229,0.485798862
wareBowl,wareBowl_qpqtJPEG_L08,0.57,0.587227762,0.552772238
wareBowl,wareBowl_qpqtJPEG_L09,0.92,0.925336185,0.914663815
wareBowl,wareBowl_simp_L01,0.176190476,0.183639407,0.168741545
wareBowl,wareBowl_simp_L02,0.190909091,0.198400683,0.183417499
wareBowl,wareBowl_simp_L03,0.22631579,0.238128549,0.214503031
wareBowl,wareBowl_simp_L04,0.238095238,0.248479882,0.227710594
wareBowl,wareBowl_simp_L05,0.504545455,0.515008658,0.494082251
wareBowl,wareBowl_simpNoTex_L01,0.236363636,0.248964101,0.223763172
wareBowl,wareBowl_simpNoTex_L02,0.623809524,0.641920218,0.60569883
wareBowl,wareBowl_simpNoTex_L03,0.672727273,0.692304492,0.653150053
wareBowl,wareBowl_simpNoTex_L04,0.823809524,0.841658902,0.805960145
waterBuffalo,waterBuffalo_ds_L01,0.252380952,0.264101618,0.240660286
waterBuffalo,waterBuffalo_ds_L02,0.405263158,0.424406439,0.386119877
waterBuffalo,waterBuffalo_ds_L03,0.627272727,0.643936037,0.610609418
waterBuffalo,waterBuffalo_ds_L04,0.786363636,0.798554523,0.77417275
waterBuffalo,waterBuffalo_ds_L05,0.931818182,0.94370233,0.919934034
waterBuffalo,waterBuffalo_gn_L01,0.233333333,0.241634583,0.225032084
waterBuffalo,waterBuffalo_gn_L02,0.390909091,0.403626229,0.378191953
waterBuffalo,waterBuffalo_gn_L03,0.468181818,0.481050485,0.455313151
waterBuffalo,waterBuffalo_gn_L04,0.547619048,0.564581498,0.530656597
waterBuffalo,waterBuffalo_gn_L05,0.572727273,0.586742758,0.558711787
waterBuffalo,waterBuffalo_JPEG_L01,0.175,0.184858899,0.165141101
waterBuffalo,waterBuffalo_JPEG_L02,0.190476191,0.20012369,0.180828691
waterBuffalo,waterBuffalo_JPEG_L03,0.221052632,0.234272514,0.207832749
waterBuffalo,waterBuffalo_JPEG_L04,0.495454546,0.510928714,0.479980377
waterBuffalo,waterBuffalo_JPEG_L05,0.671428571,0.685853364,0.657003779
waterBuffalo,waterBuffalo_JPEG_L06,0.868421053,0.879215041,0.857627064
waterBuffalo,waterBuffalo_qp_L01,0.15,0.156834356,0.143165644
waterBuffalo,waterBuffalo_qp_L02,0.166666667,0.172263368,0.161069966
waterBuffalo,waterBuffalo_qp_L03,0.204761905,0.213143621,0.196380189
waterBuffalo,waterBuffalo_qp_L04,0.231818182,0.241435549,0.222200815
waterBuffalo,waterBuffalo_qp_L05,0.372727273,0.384192359,0.361262186
waterBuffalo,waterBuffalo_qpqt_L01,0.155,0.162743482,0.147256518
waterBuffalo,waterBuffalo_qpqt_L02,0.17,0.17817352,0.16182648
waterBuffalo,waterBuffalo_qpqt_L03,0.163157895,0.17279126,0.15352453
waterBuffalo,waterBuffalo_qpqt_L04,0.175,0.185913369,0.164086631
waterBuffalo,waterBuffalo_qpqt_L05,0.20952381,0.21697274,0.202074879
waterBuffalo,waterBuffalo_qpqt_L06,0.44,0.458837217,0.421162784
waterBuffalo,waterBuffalo_qpqtJPEG_L01,0.21,0.222338195,0.197661805
waterBuffalo,waterBuffalo_qpqtJPEG_L02,0.440909091,0.457444497,0.424373685
waterBuffalo,waterBuffalo_qpqtJPEG_L03,0.904761905,0.91193542,0.89758839
waterBuffalo,waterBuffalo_qpqtJPEG_L04,0.205,0.213421009,0.196578991
waterBuffalo,waterBuffalo_qpqtJPEG_L05,0.5,0.513025999,0.486974001
waterBuffalo,waterBuffalo_qpqtJPEG_L06,0.9,0.907520564,0.892479436
waterBuffalo,waterBuffalo_qpqtJPEG_L07,0.431578947,0.448803771,0.414354124
waterBuffalo,waterBuffalo_qpqtJPEG_L08,0.557142857,0.572644233,0.541641481
waterBuffalo,waterBuffalo_qpqtJPEG_L09,0.895238095,0.903039136,0.887437054
waterBuffalo,waterBuffalo_simp_L01,0.240909091,0.250214249,0.231603933
waterBuffalo,waterBuffalo_simp_L02,0.252380952,0.260267565,0.24449434
waterBuffalo,waterBuffalo_simp_L03,0.3,0.313361941,0.286638059
waterBuffalo,waterBuffalo_simp_L04,0.34,0.35634704,0.32365296
waterBuffalo,waterBuffalo_simp_L05,0.46,0.474947182,0.445052819
waterBuffalo,waterBuffalo_simpNoTex_L01,0.2,0.210963012,0.189036988
waterBuffalo,waterBuffalo_simpNoTex_L02,0.4,0.416790104,0.383209896
waterBuffalo,waterBuffalo_simpNoTex_L03,0.481818182,0.499303257,0.464333107
waterBuffalo,waterBuffalo_simpNoTex_L04,0.640909091,0.655062212,0.62675597
watermelon,watermelon_ds_L01,0.228571429,0.237840446,0.219302411
watermelon,watermelon_ds_L02,0.277272727,0.287910913,0.266634541
watermelon,watermelon_ds_L03,0.42631579,0.440594894,0.412036685
watermelon,watermelon_ds_L04,0.54,0.552114253,0.527885748
watermelon,watermelon_ds_L05,0.9,0.906854531,0.893145469
watermelon,watermelon_gn_L01,0.21,0.224387162,0.195612838
watermelon,watermelon_gn_L02,0.347619048,0.364856264,0.330381831
watermelon,watermelon_gn_L03,0.435,0.454089883,0.415910118
watermelon,watermelon_gn_L04,0.659090909,0.673528154,0.644653665
watermelon,watermelon_gn_L05,0.695,0.709604374,0.680395626
watermelon,watermelon_JPEG_L01,0.154545455,0.161937816,0.147153093
watermelon,watermelon_JPEG_L02,0.165,0.17184246,0.15815754
watermelon,watermelon_JPEG_L03,0.184210526,0.193188766,0.175232286
watermelon,watermelon_JPEG_L04,0.18,0.188501904,0.171498096
watermelon,watermelon_JPEG_L05,0.236363636,0.249282418,0.223444855
watermelon,watermelon_JPEG_L06,0.557142857,0.572338111,0.541947604
watermelon,watermelon_qp_L01,0.138095238,0.147019927,0.129170549
watermelon,watermelon_qp_L02,0.161904762,0.172289406,0.151520118
watermelon,watermelon_qp_L03,0.155555556,0.16530149,0.145809621
watermelon,watermelon_qp_L04,0.184210526,0.192440866,0.175980187
watermelon,watermelon_qp_L05,0.205263158,0.217415108,0.193111208
watermelon,watermelon_qpqt_L01,0.147368421,0.155680656,0.139056186
watermelon,watermelon_qpqt_L02,0.161515345,0.171968018,0.155304709
watermelon,watermelon_qpqt_L03,0.163636364,0.171465365,0.155807362
watermelon,watermelon_qpqt_L04,0.177272727,0.185299668,0.169245787
watermelon,watermelon_qpqt_L05,0.181818182,0.189160425,0.174475939
watermelon,watermelon_qpqt_L06,0.281818182,0.29537841,0.268257953
watermelon,watermelon_qpqtJPEG_L01,0.173684211,0.18549697,0.161871452
watermelon,watermelon_qpqtJPEG_L02,0.227272727,0.236367175,0.218178279
watermelon,watermelon_qpqtJPEG_L03,0.576190476,0.592671244,0.559709708
watermelon,watermelon_qpqtJPEG_L04,0.205263158,0.218911631,0.191614684
watermelon,watermelon_qpqtJPEG_L05,0.257894737,0.264427366,0.251362108
watermelon,watermelon_qpqtJPEG_L06,0.522727273,0.535766959,0.509687586
watermelon,watermelon_qpqtJPEG_L07,0.254545455,0.267521273,0.241569636
watermelon,watermelon_qpqtJPEG_L08,0.335,0.351637567,0.318362433
watermelon,watermelon_qpqtJPEG_L09,0.559090909,0.574612727,0.543569091
watermelon,watermelon_simp_L01,0.118181818,0.12361679,0.112746846
watermelon,watermelon_simp_L02,0.263157895,0.277602081,0.248713708
watermelon,watermelon_simp_L03,0.186363636,0.195942534,0.176784739
watermelon,watermelon_simp_L04,0.33,0.342426642,0.317573358
watermelon,watermelon_simp_L05,0.557894737,0.569962783,0.545826691
watermelon,watermelon_simpNoTex_L01,0.204761905,0.214683796,0.194840014
watermelon,watermelon_simpNoTex_L02,0.265,0.27750352,0.25249648
watermelon,watermelon_simpNoTex_L03,0.433333333,0.446095776,0.420570891
watermelon,watermelon_simpNoTex_L04,0.580952381,0.59140146,0.570503302
winterGirl,winterGirl_ds_L01,0.32,0.335380523,0.304619477
winterGirl,winterGirl_ds_L02,0.376190476,0.393231883,0.359149069
winterGirl,winterGirl_ds_L03,0.445,0.459224482,0.430775518
winterGirl,winterGirl_ds_L04,0.595,0.614431054,0.575568946
winterGirl,winterGirl_ds_L05,0.859090909,0.870003232,0.848178587
winterGirl,winterGirl_gn_L01,0.345454546,0.362250281,0.32865881
winterGirl,winterGirl_gn_L02,0.654545455,0.667830599,0.64126031
winterGirl,winterGirl_gn_L03,0.709090909,0.726170045,0.692011774
winterGirl,winterGirl_gn_L04,0.838095238,0.851623586,0.82456689
winterGirl,winterGirl_gn_L05,0.876190476,0.886313281,0.866067672
winterGirl,winterGirl_JPEG_L01,0.189473684,0.200758557,0.178188812
winterGirl,winterGirl_JPEG_L02,0.190476191,0.200598995,0.180353386
winterGirl,winterGirl_JPEG_L03,0.278947368,0.295221811,0.262672926
winterGirl,winterGirl_JPEG_L04,0.433333333,0.450216458,0.416450209
winterGirl,winterGirl_JPEG_L05,0.671428571,0.682110587,0.660746556
winterGirl,winterGirl_JPEG_L06,0.809090909,0.821152385,0.797029433
winterGirl,winterGirl_qp_L01,0.147619048,0.154207281,0.141030814
winterGirl,winterGirl_qp_L02,0.168181818,0.175384438,0.160979198
winterGirl,winterGirl_qp_L03,0.190909091,0.197837348,0.183980834
winterGirl,winterGirl_qp_L04,0.289473684,0.301846597,0.277100771
winterGirl,winterGirl_qp_L05,0.665,0.681637567,0.648362433
winterGirl,winterGirl_qpqt_L01,0.147619048,0.158068127,0.137169969
winterGirl,winterGirl_qpqt_L02,0.154545455,0.161937816,0.147153093
winterGirl,winterGirl_qpqt_L03,0.157142857,0.165577791,0.148707924
winterGirl,winterGirl_qpqt_L04,0.186363636,0.196357559,0.176369714
winterGirl,winterGirl_qpqt_L05,0.327272727,0.343188011,0.311357443
winterGirl,winterGirl_qpqt_L06,0.7,0.708670372,0.691329628
winterGirl,winterGirl_qpqtJPEG_L01,0.242857143,0.25372603,0.231988256
winterGirl,winterGirl_qpqtJPEG_L02,0.340909091,0.35669041,0.325127771
winterGirl,winterGirl_qpqtJPEG_L03,0.823809524,0.834386295,0.813232753
winterGirl,winterGirl_qpqtJPEG_L04,0.210526316,0.222899229,0.198153403
winterGirl,winterGirl_qpqtJPEG_L05,0.380952381,0.395205537,0.366699225
winterGirl,winterGirl_qpqtJPEG_L06,0.747619048,0.760846356,0.734391739
winterGirl,winterGirl_qpqtJPEG_L07,0.723809524,0.739411606,0.708207442
winterGirl,winterGirl_qpqtJPEG_L08,0.828571429,0.840099624,0.817043233
winterGirl,winterGirl_qpqtJPEG_L09,0.836363636,0.847956828,0.824770444
winterGirl,winterGirl_simp_L01,0.17,0.17817352,0.16182648
winterGirl,winterGirl_simp_L02,0.171428571,0.180697589,0.162159554
winterGirl,winterGirl_simp_L03,0.252380952,0.266300562,0.238461343
winterGirl,winterGirl_simp_L04,0.295238095,0.310090835,0.280385356
winterGirl,winterGirl_simp_L05,0.780952381,0.799754061,0.762150701
winterGirl,winterGirl_simpNoTex_L01,0.185714286,0.196458953,0.174969619
winterGirl,winterGirl_simpNoTex_L02,0.242857143,0.252824031,0.232890255
winterGirl,winterGirl_simpNoTex_L03,0.263157895,0.277602081,0.248713708
winterGirl,winterGirl_simpNoTex_L04,0.289473684,0.301846597,0.277100771
zakopaneChair,zakopaneChair_ds_L01,0.213636364,0.222781421,0.204491306
zakopaneChair,zakopaneChair_ds_L02,0.376190476,0.39209085,0.360290103
zakopaneChair,zakopaneChair_ds_L03,0.413636364,0.42879716,0.398475567
zakopaneChair,zakopaneChair_ds_L04,0.689473684,0.705475292,0.673472076
zakopaneChair,zakopaneChair_ds_L05,0.813636364,0.823630286,0.803642441
zakopaneChair,zakopaneChair_gn_L01,0.247619048,0.257608359,0.237629737
zakopaneChair,zakopaneChair_gn_L02,0.32631579,0.344196663,0.308434916
zakopaneChair,zakopaneChair_gn_L03,0.445454546,0.45778846,0.433120631
zakopaneChair,zakopaneChair_gn_L04,0.557142857,0.569239281,0.545046434
zakopaneChair,zakopaneChair_gn_L05,0.619047619,0.632967229,0.60512801
zakopaneChair,zakopaneChair_JPEG_L01,0.185714286,0.193988539,0.177440032
zakopaneChair,zakopaneChair_JPEG_L02,0.215,0.227057617,0.202942383
zakopaneChair,zakopaneChair_JPEG_L03,0.223809524,0.233932328,0.213686719
zakopaneChair,zakopaneChair_JPEG_L04,0.245,0.254047942,0.235952058
zakopaneChair,zakopaneChair_JPEG_L05,0.559090909,0.570723845,0.547457973
zakopaneChair,zakopaneChair_JPEG_L06,0.733333333,0.746458761,0.720207906
zakopaneChair,zakopaneChair_qp_L01,0.15,0.15906306,0.14093694
zakopaneChair,zakopaneChair_qp_L02,0.157894737,0.166166125,0.149623348
zakopaneChair,zakopaneChair_qp_L03,0.154545455,0.162965277,0.146125632
zakopaneChair,zakopaneChair_qp_L04,0.257142857,0.267109745,0.247175969
zakopaneChair,zakopaneChair_qp_L05,0.37,0.383684921,0.35631508
zakopaneChair,zakopaneChair_qpqt_L01,0.133333333,0.141047854,0.125618813
zakopaneChair,zakopaneChair_qpqt_L02,0.165,0.17560804,0.15439196
zakopaneChair,zakopaneChair_qpqt_L03,0.165,0.17184246,0.15815754
zakopaneChair,zakopaneChair_qpqt_L04,0.175,0.185399508,0.164600492
zakopaneChair,zakopaneChair_qpqt_L05,0.186363636,0.194572514,0.178154759
zakopaneChair,zakopaneChair_qpqt_L06,0.457142857,0.473528321,0.440757394
zakopaneChair,zakopaneChair_qpqtJPEG_L01,0.190476191,0.20148823,0.179464151
zakopaneChair,zakopaneChair_qpqtJPEG_L02,0.28,0.294651168,0.265348832
zakopaneChair,zakopaneChair_qpqtJPEG_L03,0.711111111,0.725671886,0.696550336
zakopaneChair,zakopaneChair_qpqtJPEG_L04,0.214285714,0.228092351,0.200479077
zakopaneChair,zakopaneChair_qpqtJPEG_L05,0.185,0.193289934,0.176710066
zakopaneChair,zakopaneChair_qpqtJPEG_L06,0.709090909,0.719331181,0.698850637
zakopaneChair,zakopaneChair_qpqtJPEG_L07,0.38,0.392204323,0.367795677
zakopaneChair,zakopaneChair_qpqtJPEG_L08,0.531818182,0.542628518,0.521007846
zakopaneChair,zakopaneChair_qpqtJPEG_L09,0.82,0.828501904,0.811498096
zakopaneChair,zakopaneChair_simp_L01,0.163636364,0.174873752,0.152398975
zakopaneChair,zakopaneChair_simp_L02,0.185714286,0.196458953,0.174969619
zakopaneChair,zakopaneChair_simp_L03,0.271428571,0.282110587,0.260746556
zakopaneChair,zakopaneChair_simp_L04,0.304545455,0.318646301,0.290444608
zakopaneChair,zakopaneChair_simp_L05,0.775,0.790120198,0.759879802
zakopaneChair,zakopaneChair_simpNoTex_L01,0.152380952,0.161888287,0.142873618
zakopaneChair,zakopaneChair_simpNoTex_L02,0.3,0.313060907,0.286939093
zakopaneChair,zakopaneChair_simpNoTex_L03,0.523809524,0.540572955,0.507046092
zakopaneChair,zakopaneChair_simpNoTex_L04,0.605,0.618834161,0.591165839
