name,MOS,CI_MIN,CI_MAX
airplane_ds_L01,5.136363636,5.014454774,5.258272499
airplane_ds_L02,4.333333333,4.179042929,4.487623738
airplane_ds_L03,2.571428571,2.422600209,2.720256933
airplane_ds_L04,1.476190476,1.381117128,1.571263824
airplane_ds_L05,0.272727273,0.230628159,0.314826387
airplane_gn_L01,3.684210526,3.582406853,3.7860142
airplane_gn_L02,2,1.882486398,2.117513602
airplane_gn_L03,1.684210526,1.582406853,1.7860142
airplane_gn_L04,1.227272727,1.137451692,1.317093763
airplane_gn_L05,0.80952381,0.724909641,0.894137979
airplane_JPEG_L01,6.863636364,6.729059054,6.998213673
airplane_JPEG_L02,6.894736842,6.715738791,7.073734894
airplane_JPEG_L03,6.333333333,6.209445071,6.457221596
airplane_JPEG_L04,5.8,5.639231772,5.960768228
airplane_JPEG_L05,4.772727273,4.658965501,4.886489045
airplane_JPEG_L06,3.454545455,3.312818718,3.596272191
airplane_qp_L01,8.318181818,8.217873814,8.418489822
airplane_qp_L02,8.476190476,8.381117128,8.571263824
airplane_qp_L03,7.047619048,6.915854382,7.179383713
airplane_qp_L04,3.954545455,3.825572178,4.083518731
airplane_qp_L05,1.857142857,1.72605915,1.988226564
airplane_qpqt_L01,8.80952381,8.7096307,8.909416919
airplane_qpqt_L02,8.571428571,8.471759689,8.671097454
airplane_qpqt_L03,8.090909091,7.988506368,8.193311814
airplane_qpqt_L04,7.285714286,7.162550522,7.408878049
airplane_qpqt_L05,4.045454545,3.926302773,4.164606318
airplane_qpqt_L06,1.571428571,1.49284665,1.650010493
airplane_qpqtJPEG_L01,6.555555556,6.450556315,6.660554796
airplane_qpqtJPEG_L02,5.428571429,5.276618892,5.580523965
airplane_qpqtJPEG_L03,3.210526316,3.051785282,3.369267349
airplane_qpqtJPEG_L04,5.772727273,5.611671795,5.93378275
airplane_qpqtJPEG_L05,5.818181818,5.665663288,5.970700348
airplane_qpqtJPEG_L06,2.19047619,2.041497573,2.339454808
airplane_qpqtJPEG_L07,1.476190476,1.376297366,1.576083586
airplane_qpqtJPEG_L08,1.409090909,1.316039327,1.502142491
airplane_qpqtJPEG_L09,1.227272727,1.133038239,1.321507216
airplane_simp_L01,6.428571429,6.303783457,6.5533594
airplane_simp_L02,6.333333333,6.176027196,6.490639471
airplane_simp_L03,5.772727273,5.597191552,5.948262993
airplane_simp_L04,5.142857143,5.004790774,5.280923511
airplane_simp_L05,2.944444444,2.830721157,3.058167732
airplane_simpNoTex_L01,8.666666667,8.573015943,8.76031739
airplane_simpNoTex_L02,6.285714286,6.170432332,6.400996239
airplane_simpNoTex_L03,5.571428571,5.404731142,5.738126001
airplane_simpNoTex_L04,4.35,4.204708095,4.495291905
antinous_ds_L01,7.368421053,7.23318278,7.503659325
antinous_ds_L02,6.681818182,6.550013102,6.813623262
antinous_ds_L03,5.777777778,5.628716401,5.926839154
antinous_ds_L04,3.380952381,3.245668904,3.516235858
antinous_ds_L05,1.318181818,1.222008145,1.414355491
antinous_gn_L01,7.761904762,7.665429766,7.858379758
antinous_gn_L02,7.238095238,7.091386615,7.384803861
antinous_gn_L03,5.19047619,5.029375612,5.351576769
antinous_gn_L04,4.571428571,4.422600209,4.720256933
antinous_gn_L05,4.15,4.004708095,4.295291905
antinous_JPEG_L01,7.095238095,6.976891635,7.213584555
antinous_JPEG_L02,6.904761905,6.790454457,7.019069353
antinous_JPEG_L03,5.619047619,5.476987762,5.761107476
antinous_JPEG_L04,4.136363636,4.001786327,4.270940946
antinous_JPEG_L05,2.619047619,2.506515546,2.731579692
antinous_JPEG_L06,0.909090909,0.845942238,0.97223958
antinous_qp_L01,8.318181818,8.210078458,8.426285178
antinous_qp_L02,8.25,8.140866306,8.359133694
antinous_qp_L03,8,7.909871182,8.090128818
antinous_qp_L04,7.761904762,7.675718678,7.848090846
antinous_qp_L05,7.227272727,7.137451692,7.317093763
antinous_qpqt_L01,8.523809524,8.419318733,8.628300314
antinous_qpqt_L02,8.227272727,8.128822439,8.325723015
antinous_qpqt_L03,8.181818182,8.103057952,8.260578412
antinous_qpqt_L04,8,7.893643165,8.106356835
antinous_qpqt_L05,8.052631579,7.931112077,8.174151081
antinous_qpqt_L06,5.952380952,5.835748369,6.069013535
antinous_qpqtJPEG_L01,6.142857143,6.023007811,6.262706475
antinous_qpqtJPEG_L02,3.818181818,3.695142401,3.941221235
antinous_qpqtJPEG_L03,0.666666667,0.595873374,0.73745996
antinous_qpqtJPEG_L04,6.636363636,6.535413508,6.737313765
antinous_qpqtJPEG_L05,4.315789474,4.176601809,4.454977139
antinous_qpqtJPEG_L06,0.631578947,0.557964556,0.705193339
antinous_qpqtJPEG_L07,5.631578947,5.466356041,5.796801853
antinous_qpqtJPEG_L08,4.045454545,3.937010164,4.153898927
antinous_qpqtJPEG_L09,0.666666667,0.595873374,0.73745996
antinous_simp_L01,8.105263158,7.998268749,8.212257567
antinous_simp_L02,7.95,7.872565181,8.027434819
antinous_simp_L03,7.136363636,7.017833259,7.254894014
antinous_simp_L04,5.590909091,5.452277342,5.72954084
antinous_simp_L05,4.476190476,4.315089898,4.637291054
antinous_simpNoTex_L01,8.428571429,8.328902546,8.528240311
antinous_simpNoTex_L02,7.619047619,7.506515546,7.731579692
antinous_simpNoTex_L03,5.666666667,5.503496189,5.829837144
antinous_simpNoTex_L04,3.761904762,3.602901027,3.920908497
beautyLady_ds_L01,7.045454545,6.97875147,7.112157621
beautyLady_ds_L02,6.454545455,6.365654162,6.543436747
beautyLady_ds_L03,4.619047619,4.480334566,4.757760672
beautyLady_ds_L04,2.666666667,2.492358398,2.840974935
beautyLady_ds_L05,0.590909091,0.529389382,0.652428799
beautyLady_gn_L01,6.80952381,6.677250725,6.941796894
beautyLady_gn_L02,4,3.911813571,4.088186429
beautyLady_gn_L03,2.736842105,2.573060424,2.900623787
beautyLady_gn_L04,1.909090909,1.766844073,2.051337745
beautyLady_gn_L05,1.090909091,0.984614039,1.197204143
beautyLady_JPEG_L01,7.684210526,7.549725676,7.818695377
beautyLady_JPEG_L02,7.45,7.348132926,7.551867074
beautyLady_JPEG_L03,7.25,7.126729057,7.373270943
beautyLady_JPEG_L04,5.333333333,5.191746748,5.474919919
beautyLady_JPEG_L05,3.315789474,3.167643369,3.463935579
beautyLady_JPEG_L06,1.772727273,1.697688235,1.847766311
beautyLady_qp_L01,8.863636364,8.820454834,8.906817894
beautyLady_qp_L02,8.842105263,8.752322862,8.931887664
beautyLady_qp_L03,8.238095238,8.136867194,8.339323282
beautyLady_qp_L04,5.380952381,5.238892524,5.523012238
beautyLady_qp_L05,1.904761905,1.764604721,2.044919089
beautyLady_qpqt_L01,8.681818182,8.589964739,8.773671625
beautyLady_qpqt_L02,8.363636364,8.280319817,8.44695291
beautyLady_qpqt_L03,8.863636364,8.798049736,8.929222991
beautyLady_qpqt_L04,7.578947368,7.469449827,7.688444909
beautyLady_qpqt_L05,5.19047619,5.069327137,5.311625244
beautyLady_qpqt_L06,1.909090909,1.778764853,2.039416965
beautyLady_qpqtJPEG_L01,6.85,6.743919602,6.956080398
beautyLady_qpqtJPEG_L02,4.736842105,4.573060424,4.900623787
beautyLady_qpqtJPEG_L03,1.666666667,1.537083951,1.796249382
beautyLady_qpqtJPEG_L04,6.842105263,6.676677493,7.007533033
beautyLady_qpqtJPEG_L05,4.476190476,4.358983816,4.593397136
beautyLady_qpqtJPEG_L06,1.263157895,1.176445891,1.349869899
beautyLady_qpqtJPEG_L07,1.954545455,1.828760775,2.080330135
beautyLady_qpqtJPEG_L08,1.714285714,1.591121951,1.837449478
beautyLady_qpqtJPEG_L09,1.090909091,1.001190884,1.180627297
beautyLady_simp_L01,7.857142857,7.737293525,7.976992189
beautyLady_simp_L02,7.684210526,7.540473832,7.827947221
beautyLady_simp_L03,7.7,7.559206206,7.840793794
beautyLady_simp_L04,4.95,4.807755184,5.092244816
beautyLady_simp_L05,3.095238095,2.980930647,3.209545543
beautyLady_simpNoTex_L01,8.409090909,8.325222226,8.492959593
beautyLady_simpNoTex_L02,2,1.893643165,2.106356835
beautyLady_simpNoTex_L03,1.909090909,1.795410309,2.022771509
beautyLady_simpNoTex_L04,1.454545455,1.321694009,1.5873969
bennetTomb_ds_L01,6.619047619,6.494618751,6.743476487
bennetTomb_ds_L02,5.454545455,5.324787271,5.584303638
bennetTomb_ds_L03,4.476190476,4.298450363,4.65393059
bennetTomb_ds_L04,2.285714286,2.148134925,2.423293646
bennetTomb_ds_L05,0.55,0.497936684,0.602063316
bennetTomb_gn_L01,6.80952381,6.629159623,6.989887996
bennetTomb_gn_L02,5.333333333,5.182118793,5.484547873
bennetTomb_gn_L03,3.4,3.192273294,3.607726706
bennetTomb_gn_L04,3.545454545,3.379933093,3.710975998
bennetTomb_gn_L05,2.772727273,2.636242902,2.909211643
bennetTomb_JPEG_L01,7.95,7.865789914,8.034210086
bennetTomb_JPEG_L02,6.85,6.716492789,6.983507211
bennetTomb_JPEG_L03,6.227272727,6.06621725,6.388328205
bennetTomb_JPEG_L04,5.157894737,4.957303962,5.358485512
bennetTomb_JPEG_L05,4.263157895,4.087985029,4.43833076
bennetTomb_JPEG_L06,1.714285714,1.603154095,1.825417334
bennetTomb_qp_L01,8.15,8.081575397,8.218424603
bennetTomb_qp_L02,7.952380952,7.8806458,8.024116104
bennetTomb_qp_L03,7.909090909,7.814954429,8.00322739
bennetTomb_qp_L04,7.368421053,7.219590666,7.517251439
bennetTomb_qp_L05,6,5.869390934,6.130609066
bennetTomb_qpqt_L01,8.047619048,7.958372155,8.13686594
bennetTomb_qpqt_L02,8.181818182,8.088865855,8.274770508
bennetTomb_qpqt_L03,7.857142857,7.729693862,7.984591852
bennetTomb_qpqt_L04,7.833333333,7.714504563,7.952162103
bennetTomb_qpqt_L05,7.681818182,7.566444973,7.79719139
bennetTomb_qpqt_L06,5.545454545,5.428887377,5.662021713
bennetTomb_qpqtJPEG_L01,7.095238095,6.948529472,7.241946718
bennetTomb_qpqtJPEG_L02,5.5,5.299822441,5.700177559
bennetTomb_qpqtJPEG_L03,2.333333333,2.191746748,2.474919919
bennetTomb_qpqtJPEG_L04,7,6.867053956,7.132946044
bennetTomb_qpqtJPEG_L05,4.894736842,4.738794175,5.050679509
bennetTomb_qpqtJPEG_L06,1.722222222,1.636573175,1.807871269
bennetTomb_qpqtJPEG_L07,4.714285714,4.563664175,4.864907254
bennetTomb_qpqtJPEG_L08,3.454545455,3.307198556,3.601892353
bennetTomb_qpqtJPEG_L09,1.818181818,1.709143217,1.92722042
bennetTomb_simp_L01,7.9,7.776618052,8.023381948
bennetTomb_simp_L02,8.052631579,7.898436224,8.206826934
bennetTomb_simp_L03,6.818181818,6.668349974,6.968013663
bennetTomb_simp_L04,6.545454545,6.395376469,6.695532622
bennetTomb_simp_L05,4.105263158,3.859590635,4.35093568
bennetTomb_simpNoTex_L01,8.055555556,7.935307884,8.175803227
bennetTomb_simpNoTex_L02,8.047619048,7.935086974,8.160151121
bennetTomb_simpNoTex_L03,7.684210526,7.549725676,7.818695377
bennetTomb_simpNoTex_L04,6.619047619,6.433908801,6.804186437
bread_ds_L01,7.105263158,6.998268749,7.212257567
bread_ds_L02,6.045454545,5.898798388,6.192110703
bread_ds_L03,4.19047619,4.065509055,4.315443326
bread_ds_L04,2.65,2.512452326,2.787547674
bread_ds_L05,0.45,0.365789914,0.534210086
bread_gn_L01,8.473684211,8.398702252,8.548666169
bread_gn_L02,8.047619048,7.939342663,8.155895433
bread_gn_L03,7.857142857,7.763731344,7.95055437
bread_gn_L04,7.444444444,7.282302518,7.606586371
bread_gn_L05,6.65,6.504708095,6.795291905
bread_JPEG_L01,8.045454545,7.944779111,8.146129979
bread_JPEG_L02,7.19047619,7.058203106,7.322749275
bread_JPEG_L03,6.15,5.990342594,6.309657406
bread_JPEG_L04,5.25,5.098798024,5.401201976
bread_JPEG_L05,3.368421053,3.174527118,3.562314988
bread_JPEG_L06,1.7,1.56721251,1.83278749
bread_qp_L01,8.4,8.298536895,8.501463105
bread_qp_L02,8.545454545,8.471530931,8.61937816
bread_qp_L03,8.35,8.260739211,8.439260789
bread_qp_L04,8.2,8.102950467,8.297049533
bread_qp_L05,7.857142857,7.763731344,7.95055437
bread_qpqt_L01,8.6,8.516279038,8.683720962
bread_qpqt_L02,8.238095238,8.141620242,8.334570234
bread_qpqt_L03,8.136363636,8.036424413,8.23630286
bread_qpqt_L04,8.227272727,8.147003321,8.307542134
bread_qpqt_L05,8.333333333,8.237630155,8.429036511
bread_qpqt_L06,8,7.906397119,8.093602881
bread_qpqtJPEG_L01,6.714285714,6.583715057,6.844856372
bread_qpqtJPEG_L02,6.05,5.924091946,6.175908054
bread_qpqtJPEG_L03,2.333333333,2.191746748,2.474919919
bread_qpqtJPEG_L04,6.789473684,6.639058747,6.939888621
bread_qpqtJPEG_L05,6.210526316,6.005757859,6.415294773
bread_qpqtJPEG_L06,1.714285714,1.603154095,1.825417334
bread_qpqtJPEG_L07,6.952380952,6.810321095,7.094440809
bread_qpqtJPEG_L08,5.19047619,5.047944634,5.333007747
bread_qpqtJPEG_L09,1.666666667,1.554732642,1.778600691
bread_simp_L01,8.2,8.077956774,8.322043226
bread_simp_L02,7.45,7.337896139,7.562103861
bread_simp_L03,7,6.852082692,7.147917308
bread_simp_L04,6.80952381,6.670327715,6.948719904
bread_simp_L05,5.4,5.250528185,5.549471815
bread_simpNoTex_L01,8.052631579,7.936528357,8.168734801
bread_simpNoTex_L02,7.863636364,7.738440153,7.988832574
bread_simpNoTex_L03,5.2,5.035861002,5.364138998
bread_simpNoTex_L04,4.909090909,4.778764853,5.039416965
deadRose_ds_L01,6.736842105,6.608280097,6.865404113
deadRose_ds_L02,5.7,5.547985347,5.852014653
deadRose_ds_L03,3.761904762,3.602901027,3.920908497
deadRose_ds_L04,2.857142857,2.682962992,3.031322722
deadRose_ds_L05,0.666666667,0.602854455,0.730478879
deadRose_gn_L01,8.454545455,8.361196741,8.547894168
deadRose_gn_L02,8,7.857493826,8.142506174
deadRose_gn_L03,7,6.863312879,7.136687121
deadRose_gn_L04,6.315789474,6.100380883,6.531198064
deadRose_gn_L05,4.409090909,4.246211674,4.571970145
deadRose_JPEG_L01,8.333333333,8.256188131,8.410478536
deadRose_JPEG_L02,7.681818182,7.60435791,7.759278454
deadRose_JPEG_L03,7.9,7.813070182,7.986929818
deadRose_JPEG_L04,7.19047619,7.081581667,7.299370714
deadRose_JPEG_L05,4.80952381,4.673745089,4.94530253
deadRose_JPEG_L06,1.619047619,1.529800727,1.708294512
deadRose_qp_L01,8.3,8.205813918,8.394186082
deadRose_qp_L02,8.65,8.573992674,8.726007326
deadRose_qp_L03,8.473684211,8.390561859,8.556806562
deadRose_qp_L04,8,7.92479436,8.07520564
deadRose_qp_L05,8.454545455,8.370347227,8.538743682
deadRose_qpqt_L01,8.4,8.316279038,8.483720962
deadRose_qpqt_L02,7.954545455,7.871561953,8.037528956
deadRose_qpqt_L03,7.964548795,7.868563795,8.03619811
deadRose_qpqt_L04,7.952380952,7.868563795,8.00315649
deadRose_qpqt_L05,7.921564898,7.845612355,8.05159986
deadRose_qpqt_L06,7.681818182,7.589964739,7.773671625
deadRose_qpqtJPEG_L01,8.5,8.437882999,8.562117001
deadRose_qpqtJPEG_L02,7.8,7.702950467,7.897049533
deadRose_qpqtJPEG_L03,1.263157895,1.176445891,1.349869899
deadRose_qpqtJPEG_L04,8.19047619,8.111610066,8.269342315
deadRose_qpqtJPEG_L05,7.1,6.948707511,7.251292489
deadRose_qpqtJPEG_L06,1.35,1.267100657,1.432899343
deadRose_qpqtJPEG_L07,7.6,7.504085588,7.695914412
deadRose_qpqtJPEG_L08,7.157894737,6.963826201,7.351963272
deadRose_qpqtJPEG_L09,1.636363636,1.535413508,1.737313765
deadRose_simp_L01,7.842105263,7.721705781,7.962504746
deadRose_simp_L02,8.227272727,8.142093516,8.312451938
deadRose_simp_L03,8.05,7.959520577,8.140479423
deadRose_simp_L04,6,5.83453192,6.16546808
deadRose_simp_L05,5.227272727,5.061250115,5.393295339
deadRose_simpNoTex_L01,8.272727273,8.207848181,8.337606365
deadRose_simpNoTex_L02,8.238095238,8.163605929,8.312584547
deadRose_simpNoTex_L03,7.428571429,7.319882561,7.537260297
deadRose_simpNoTex_L04,5.611111111,5.459092159,5.763130064
elena_ds_L01,7.090909091,6.954492371,7.227325811
elena_ds_L02,5.954545455,5.81644742,6.09264349
elena_ds_L03,4.263157895,4.11162128,4.41469451
elena_ds_L04,2.681818182,2.556327392,2.807308972
elena_ds_L05,0.263157895,0.214466552,0.311849238
elena_gn_L01,7.380952381,7.249187715,7.512717047
elena_gn_L02,4.052631579,3.902667662,4.202595496
elena_gn_L03,2.454545455,2.324787271,2.584303638
elena_gn_L04,1.833333333,1.696586027,1.970080639
elena_gn_L05,1.526315789,1.395145767,1.657485811
elena_JPEG_L01,6.857142857,6.737293525,6.976992189
elena_JPEG_L02,6.727272727,6.605743054,6.848802401
elena_JPEG_L03,5.863636364,5.748583637,5.97868909
elena_JPEG_L04,4.523809524,4.402660471,4.644958577
elena_JPEG_L05,3.526315789,3.368430509,3.68420107
elena_JPEG_L06,1.772727273,1.648716379,1.896738167
elena_qp_L01,8.409090909,8.341289767,8.476892052
elena_qp_L02,8.333333333,8.244841717,8.421824949
elena_qp_L03,7.894736842,7.765911657,8.023562027
elena_qp_L04,5.473684211,5.333044113,5.614324308
elena_qp_L05,3.227272727,3.087844237,3.366701217
elena_qpqt_L01,8.318181818,8.240721546,8.39564209
elena_qpqt_L02,8.227272727,8.137451692,8.317093763
elena_qpqt_L03,7.863636364,7.752169734,7.975102993
elena_qpqt_L04,7.904761905,7.790454457,8.019069353
elena_qpqt_L05,5.2,4.989133669,5.410866331
elena_qpqt_L06,2.428571429,2.270555742,2.586587115
elena_qpqtJPEG_L01,6.85,6.693810052,7.006189948
elena_qpqtJPEG_L02,4.9,4.722092955,5.077907045
elena_qpqtJPEG_L03,1.619047619,1.510771234,1.727324004
elena_qpqtJPEG_L04,6.681818182,6.581510178,6.782126186
elena_qpqtJPEG_L05,4.684210526,4.508265971,4.860155082
elena_qpqtJPEG_L06,1.571428571,1.458499558,1.684357584
elena_qpqtJPEG_L07,2.636363636,2.501033919,2.771693354
elena_qpqtJPEG_L08,2,1.890369883,2.109630117
elena_qpqtJPEG_L09,0.80952381,0.736859006,0.882188613
elena_simp_L01,8.263157895,8.176445891,8.349869899
elena_simp_L02,8.318181818,8.222008145,8.414355491
elena_simp_L03,7,6.875765998,7.124234002
elena_simp_L04,4.8,4.613967953,4.986032047
elena_simp_L05,2.947368421,2.773554258,3.121182584
elena_simpNoTex_L01,8.090909091,8.010754766,8.171063416
elena_simpNoTex_L02,5.904761905,5.748741086,6.060782723
elena_simpNoTex_L03,2,1.893358144,2.106641856
elena_simpNoTex_L04,1.1,1.019615886,1.180384114
fruitSet_ds_L01,5.714285714,5.587364461,5.841206968
fruitSet_ds_L02,5.157894737,5.027242153,5.288547321
fruitSet_ds_L03,3.947368421,3.742931037,4.151805805
fruitSet_ds_L04,3.2,3.082529316,3.317470684
fruitSet_ds_L05,0.909090909,0.810734428,1.00744739
fruitSet_gn_L01,8.428571429,8.319882561,8.537260297
fruitSet_gn_L02,7.8,7.708767197,7.891232803
fruitSet_gn_L03,6.80952381,6.688374756,6.930672863
fruitSet_gn_L04,6.555555556,6.398191367,6.712919745
fruitSet_gn_L05,5.894736842,5.688978363,6.100495322
fruitSet_JPEG_L01,7.181818182,7.080502952,7.283133412
fruitSet_JPEG_L02,7.238095238,7.119748778,7.356441698
fruitSet_JPEG_L03,6.772727273,6.652036008,6.893418538
fruitSet_JPEG_L04,6.045454545,5.926302773,6.164606318
fruitSet_JPEG_L05,4.863636364,4.73211172,4.995161007
fruitSet_JPEG_L06,1.80952381,1.700629286,1.918418333
fruitSet_qp_L01,8.55,8.488309026,8.611690974
fruitSet_qp_L02,8.272727273,8.196347057,8.349107488
fruitSet_qp_L03,8.19047619,8.111610066,8.269342315
fruitSet_qp_L04,8.047619048,7.969608638,8.125629457
fruitSet_qp_L05,8.095238095,8.014687806,8.175788384
fruitSet_qpqt_L01,8.333333333,8.256188131,8.410478536
fruitSet_qpqt_L02,8.2,8.121686211,8.278313789
fruitSet_qpqt_L03,8.142857143,8.060114609,8.225599677
fruitSet_qpqt_L04,8,7.93869121,8.06130879
fruitSet_qpqt_L05,7.818181818,7.668349974,7.968013663
fruitSet_qpqt_L06,7.619047619,7.510771234,7.727324004
fruitSet_qpqtJPEG_L01,7.318181818,7.192691028,7.443672608
fruitSet_qpqtJPEG_L02,5.863636364,5.717484614,6.009788113
fruitSet_qpqtJPEG_L03,1.35,1.254801912,1.445198088
fruitSet_qpqtJPEG_L04,7.210526316,7.09949297,7.321559662
fruitSet_qpqtJPEG_L05,6.3,6.163150795,6.436849205
fruitSet_qpqtJPEG_L06,1.5,1.4093694,1.5906306
fruitSet_qpqtJPEG_L07,6.368421053,6.23318278,6.503659325
fruitSet_qpqtJPEG_L08,5.619047619,5.447065288,5.79102995
fruitSet_qpqtJPEG_L09,1.181818182,1.10839575,1.255240614
fruitSet_simp_L01,7.619047619,7.510771234,7.727324004
fruitSet_simp_L02,7.363636364,7.219583965,7.507688762
fruitSet_simp_L03,5.714285714,5.54049163,5.888079798
fruitSet_simp_L04,4.227272727,4.073969414,4.38057604
fruitSet_simp_L05,1.272727273,1.165395171,1.380059374
fruitSet_simpNoTex_L01,8.333333333,8.244841717,8.421824949
fruitSet_simpNoTex_L02,7.571428571,7.467152121,7.675705022
fruitSet_simpNoTex_L03,7.380952381,7.232424987,7.529479775
fruitSet_simpNoTex_L04,6.75,6.595218784,6.904781216
hawk_ds_L01,7.95,7.859520577,8.040479423
hawk_ds_L02,7.272727273,7.186364213,7.359090333
hawk_ds_L03,5.142857143,5.001428666,5.28428562
hawk_ds_L04,3.684210526,3.540473832,3.827947221
hawk_ds_L05,1.714285714,1.557549528,1.8710219
hawk_gn_L01,7.904761905,7.824211616,7.985312194
hawk_gn_L02,6.19047619,6.044685462,6.336266919
hawk_gn_L03,5.5,5.383353669,5.616646331
hawk_gn_L04,3.842105263,3.665392387,4.018818139
hawk_gn_L05,3.19047619,3.029375612,3.351576769
hawk_JPEG_L01,8,7.909871182,8.090128818
hawk_JPEG_L02,7.611111111,7.449361939,7.772860283
hawk_JPEG_L03,7.421052632,7.290141073,7.55196419
hawk_JPEG_L04,5.954545455,5.768789823,6.140301086
hawk_JPEG_L05,5.045454545,4.866378602,5.224530489
hawk_JPEG_L06,1.3,1.225264093,1.374735907
hawk_qp_L01,8.571428571,8.499072324,8.643784819
hawk_qp_L02,8.5,8.452736049,8.547263951
hawk_qp_L03,8.25,8.163227807,8.336772193
hawk_qp_L04,8.045454545,7.985147167,8.105761924
hawk_qp_L05,6.9,6.772256927,7.027743073
hawk_qpqt_L01,8.578947368,8.504418477,8.653476259
hawk_qpqt_L02,8.474568795,8.404549785,8.551564562
hawk_qpqt_L03,8.363636364,8.318164124,8.409108604
hawk_qpqt_L04,8.3,8.205813918,8.394186082
hawk_qpqt_L05,8.25,8.176931274,8.323068726
hawk_qpqt_L06,6.954545455,6.842418276,7.066672633
hawk_qpqtJPEG_L01,7.571428571,7.476590846,7.666266297
hawk_qpqtJPEG_L02,5.894736842,5.692130029,6.097343655
hawk_qpqtJPEG_L03,1.318181818,1.206384426,1.42997921
hawk_qpqtJPEG_L04,7.619047619,7.494618751,7.743476487
hawk_qpqtJPEG_L05,5.181818182,5.029299652,5.334336712
hawk_qpqtJPEG_L06,1.142857143,1.066002507,1.219711778
hawk_qpqtJPEG_L07,5.9,5.745130363,6.054869637
hawk_qpqtJPEG_L08,3.578947368,3.434037294,3.723857443
hawk_qpqtJPEG_L09,1.409090909,1.303755454,1.514426364
hawk_simp_L01,8.454545455,8.386337094,8.522753815
hawk_simp_L02,7.761904762,7.681354473,7.842455051
hawk_simp_L03,7.055555556,6.935307884,7.175803227
hawk_simp_L04,5.904761905,5.742830192,6.066693618
hawk_simp_L05,4.25,4.066114406,4.433885594
hawk_simpNoTex_L01,8.1,8.006983976,8.193016024
hawk_simpNoTex_L02,8.272727273,8.186364213,8.359090333
hawk_simpNoTex_L03,8.1,8.019615886,8.180384114
hawk_simpNoTex_L04,7.523809524,7.423916414,7.623702634
muscaDomestica_ds_L01,8.318181818,8.226328375,8.410035261
muscaDomestica_ds_L02,8.047619048,7.930986465,8.164251631
muscaDomestica_ds_L03,7.45,7.359520577,7.540479423
muscaDomestica_ds_L04,5.142857143,4.998144649,5.287569637
muscaDomestica_ds_L05,1.833333333,1.653226495,2.013440171
muscaDomestica_gn_L01,5.789473684,5.639058747,5.939888621
muscaDomestica_gn_L02,4.45,4.303956256,4.596043744
muscaDomestica_gn_L03,2.947368421,2.82066396,3.074072882
muscaDomestica_gn_L04,2.210526316,2.043874649,2.377177982
muscaDomestica_gn_L05,1.727272727,1.58711787,1.867427584
muscaDomestica_JPEG_L01,8.047619048,7.943772605,8.15146549
muscaDomestica_JPEG_L02,8.090909091,8.021626517,8.160191665
muscaDomestica_JPEG_L03,7.428571429,7.270555742,7.586587115
muscaDomestica_JPEG_L04,7,6.787759356,7.212240644
muscaDomestica_JPEG_L05,6.19047619,5.974544213,6.406408168
muscaDomestica_JPEG_L06,2.263157895,2.120366847,2.405948943
muscaDomestica_qp_L01,8.222222222,8.107941009,8.336503436
muscaDomestica_qp_L02,8.166666667,8.061465698,8.271867635
muscaDomestica_qp_L03,8.047619048,7.939342663,8.155895433
muscaDomestica_qp_L04,8.095238095,8.020748786,8.169727404
muscaDomestica_qp_L05,6.105263158,5.986849198,6.223677118
muscaDomestica_qpqt_L01,8.590909091,8.523107948,8.658710233
muscaDomestica_qpqt_L02,8.238095238,8.132327527,8.343862949
muscaDomestica_qpqt_L03,8.090909091,7.99677261,8.185045571
muscaDomestica_qpqt_L04,7.888888889,7.75417221,8.023605568
muscaDomestica_qpqt_L05,7.684210526,7.582406853,7.7860142
muscaDomestica_qpqt_L06,6.35,6.193810052,6.506189948
muscaDomestica_qpqtJPEG_L01,7.909090909,7.806688186,8.011493632
muscaDomestica_qpqtJPEG_L02,6.80952381,6.645532687,6.973514932
muscaDomestica_qpqtJPEG_L03,2.45,2.319815418,2.580184582
muscaDomestica_qpqtJPEG_L04,7.571428571,7.458499558,7.684357584
muscaDomestica_qpqtJPEG_L05,6.7,6.512501957,6.887498043
muscaDomestica_qpqtJPEG_L06,1.954545455,1.849913416,2.059177493
muscaDomestica_qpqtJPEG_L07,6.714285714,6.587364461,6.841206968
muscaDomestica_qpqtJPEG_L08,5.5,5.370170697,5.629829303
muscaDomestica_qpqtJPEG_L09,2,1.873608691,2.126391309
muscaDomestica_simp_L01,8.055555556,7.964158417,8.146952694
muscaDomestica_simp_L02,8.05,7.959520577,8.140479423
muscaDomestica_simp_L03,7.55,7.403956256,7.696043744
muscaDomestica_simp_L04,6.473684211,6.369903582,6.577464839
muscaDomestica_simp_L05,5.318181818,5.163678931,5.472684706
muscaDomestica_simpNoTex_L01,8.45,8.353658351,8.546341649
muscaDomestica_simpNoTex_L02,7.545454545,7.428887377,7.662021713
muscaDomestica_simpNoTex_L03,7.333333333,7.221399309,7.445267358
muscaDomestica_simpNoTex_L04,7.578947368,7.41724686,7.740647877
plant_ds_L01,7.619047619,7.476987762,7.761107476
plant_ds_L02,6.944444444,6.776521397,7.112367492
plant_ds_L03,5.904761905,5.751782155,6.057741655
plant_ds_L04,4,3.885995061,4.114004939
plant_ds_L05,3.05,2.81488389,3.28511611
plant_gn_L01,7.904761905,7.794641513,8.014882297
plant_gn_L02,6.5,6.32857818,6.67142182
plant_gn_L03,5.222222222,5.068125466,5.376318979
plant_gn_L04,5.428571429,5.264716795,5.592426062
plant_gn_L05,3.19047619,3.020851687,3.360100694
plant_JPEG_L01,7.772727273,7.652036008,7.893418538
plant_JPEG_L02,7.526315789,7.416509369,7.63612221
plant_JPEG_L03,7.052631579,6.898436224,7.206826934
plant_JPEG_L04,6.19047619,6.051280096,6.329672285
plant_JPEG_L05,4.611111111,4.403856497,4.818365725
plant_JPEG_L06,2.863636364,2.684973276,3.042299451
plant_qp_L01,8,7.933812768,8.066187232
plant_qp_L02,7.954545455,7.894238076,8.014852833
plant_qp_L03,7.894736842,7.787742433,8.001731251
plant_qp_L04,7.476190476,7.376297366,7.576083586
plant_qp_L05,5.722222222,5.55735721,5.887087234
plant_qpqt_L01,7.947368421,7.82066396,8.074072882
plant_qpqt_L02,7.772727273,7.662593625,7.88286092
plant_qpqt_L03,7.904761905,7.813286591,7.996237218
plant_qpqt_L04,7.363636364,7.244252401,7.483020326
plant_qpqt_L05,7,6.882486398,7.117513602
plant_qpqt_L06,5.238095238,5.067681167,5.408509309
plant_qpqtJPEG_L01,7.619047619,7.510771234,7.727324004
plant_qpqtJPEG_L02,6.333333333,6.182118793,6.484547873
plant_qpqtJPEG_L03,2.421052632,2.295152651,2.546952612
plant_qpqtJPEG_L04,7.7,7.594826843,7.805173157
plant_qpqtJPEG_L05,6.476190476,6.355041423,6.597339529
plant_qpqtJPEG_L06,3.111111111,2.93254115,3.289681072
plant_qpqtJPEG_L07,5.952380952,5.800723184,6.104038721
plant_qpqtJPEG_L08,5,4.873608691,5.126391309
plant_qpqtJPEG_L09,2.318181818,2.210078458,2.426285178
plant_simp_L01,8,7.929651566,8.070348434
plant_simp_L02,7.19047619,7.047944634,7.333007747
plant_simp_L03,6.904761905,6.761291601,7.048232209
plant_simp_L04,6.380952381,6.206259467,6.555645295
plant_simp_L05,4.7,4.515445594,4.884554406
plant_simpNoTex_L01,7.909090909,7.828936584,7.989245234
plant_simpNoTex_L02,7.8,7.673549471,7.926450529
plant_simpNoTex_L03,7.095238095,6.96552703,7.22494916
plant_simpNoTex_L04,6.476190476,6.290689469,6.661691483
rafa_ds_L01,6.7,6.537537645,6.862462355
rafa_ds_L02,6.473684211,6.292991242,6.654377179
rafa_ds_L03,4.65,4.474027206,4.825972794
rafa_ds_L04,2.1,1.948707511,2.251292489
rafa_ds_L05,0.545454545,0.461256318,0.629652773
rafa_gn_L01,7.571428571,7.467152121,7.675705022
rafa_gn_L02,6,5.869390934,6.130609066
rafa_gn_L03,5.818181818,5.655359266,5.981004371
rafa_gn_L04,3.142857143,3.04944563,3.236268656
rafa_gn_L05,3.047619048,2.908905995,3.186332101
rafa_JPEG_L01,7.238095238,7.119748778,7.356441698
rafa_JPEG_L02,6.909090909,6.806688186,7.011493632
rafa_JPEG_L03,6.238095238,6.088218249,6.387972228
rafa_JPEG_L04,4.363636364,4.237631716,4.489641011
rafa_JPEG_L05,3.285714286,3.148134925,3.423293646
rafa_JPEG_L06,1.363636364,1.254936919,1.472335808
rafa_qp_L01,8.368421053,8.259543899,8.477298206
rafa_qp_L02,8.136363636,8.064851917,8.207875356
rafa_qp_L03,7.15,6.964927077,7.335072923
rafa_qp_L04,4.45,4.307755184,4.592244816
rafa_qp_L05,1.761904762,1.660676718,1.863132806
rafa_qpqt_L01,8.409090909,8.316039327,8.502142491
rafa_qpqt_L02,8.19047619,8.095402843,8.285549538
rafa_qpqt_L03,8,7.897020437,8.102979563
rafa_qpqt_L04,7.2,7.057274788,7.342725212
rafa_qpqt_L05,5.45,5.315674973,5.584325027
rafa_qpqt_L06,1.789473684,1.690709614,1.888237754
rafa_qpqtJPEG_L01,6.947368421,6.773554258,7.121182584
rafa_qpqtJPEG_L02,4.714285714,4.563664175,4.864907254
rafa_qpqtJPEG_L03,1.272727273,1.161675481,1.383779064
rafa_qpqtJPEG_L04,6.157894737,6.004580505,6.311208968
rafa_qpqtJPEG_L05,4.19047619,4.044685462,4.336266919
rafa_qpqtJPEG_L06,1.272727273,1.181782792,1.363671753
rafa_qpqtJPEG_L07,1.65,1.538877373,1.761122627
rafa_qpqtJPEG_L08,1.772727273,1.662593625,1.88286092
rafa_qpqtJPEG_L09,0.571428571,0.51349721,0.629359933
rafa_simp_L01,8.142857143,8.044544363,8.241169923
rafa_simp_L02,7.454545455,7.348947427,7.560143482
rafa_simp_L03,5.619047619,5.502415036,5.735680202
rafa_simp_L04,5.047619048,4.847832828,5.247405267
rafa_simp_L05,2.8,2.692254992,2.907745008
rafa_simpNoTex_L01,8.05,7.948132926,8.151867074
rafa_simpNoTex_L02,6.444444444,6.264455362,6.624433527
rafa_simpNoTex_L03,4.7,4.540943942,4.859056058
rafa_simpNoTex_L04,1.952380952,1.84853451,2.056227395
tastyFood_ds_L01,7.75,7.635958996,7.864041004
tastyFood_ds_L02,7.6,7.483465353,7.716534647
tastyFood_ds_L03,5.3,5.15536916,5.44463084
tastyFood_ds_L04,3.19047619,3.05469747,3.326254911
tastyFood_ds_L05,1.227272727,1.06621725,1.388328205
tastyFood_gn_L01,8,7.897020437,8.102979563
tastyFood_gn_L02,7.4,7.283465353,7.516534647
tastyFood_gn_L03,7.285714286,7.155143628,7.416284943
tastyFood_gn_L04,6.136363636,6.007964215,6.264763058
tastyFood_gn_L05,5.95,5.811658393,6.088341607
tastyFood_JPEG_L01,8.142857143,8.04944563,8.236268656
tastyFood_JPEG_L02,7.954545455,7.849913416,8.059177493
tastyFood_JPEG_L03,7.631578947,7.516943588,7.746214307
tastyFood_JPEG_L04,7.636363636,7.558073621,7.714653652
tastyFood_JPEG_L05,5.380952381,5.238892524,5.523012238
tastyFood_JPEG_L06,2.65,2.534054213,2.765945787
tastyFood_qp_L01,8.571428571,8.487079236,8.655777907
tastyFood_qp_L02,8.55,8.472565181,8.627434819
tastyFood_qp_L03,8.473684211,8.398702252,8.548666169
tastyFood_qp_L04,8.095238095,7.989470384,8.201005807
tastyFood_qp_L05,6.35,6.234054213,6.465945787
tastyFood_qpqt_L01,8.745461217,8.675718678,8.848090846
tastyFood_qpqt_L02,8.761904762,8.675718678,8.848090846
tastyFood_qpqt_L03,8.727272727,8.662393635,8.792151819
tastyFood_qpqt_L04,8.619047619,8.54103721,8.697058028
tastyFood_qpqt_L05,7.909090909,7.828936584,7.989245234
tastyFood_qpqt_L06,7.05,6.915674973,7.184325027
tastyFood_qpqtJPEG_L01,8.047619048,7.953254331,8.141983764
tastyFood_qpqtJPEG_L02,6.857142857,6.712430363,7.001855351
tastyFood_qpqtJPEG_L03,2.904761905,2.77505084,3.03447297
tastyFood_qpqtJPEG_L04,7.454545455,7.345168748,7.563922161
tastyFood_qpqtJPEG_L05,6.833333333,6.6710607,6.995605967
tastyFood_qpqtJPEG_L06,2.619047619,2.487282953,2.750812285
tastyFood_qpqtJPEG_L07,6.444444444,6.282302518,6.606586371
tastyFood_qpqtJPEG_L08,5.947368421,5.825848919,6.068887923
tastyFood_qpqtJPEG_L09,2.238095238,2.112058464,2.364132012
tastyFood_simp_L01,8.4,8.309975631,8.490024369
tastyFood_simp_L02,8.571428571,8.471759689,8.671097454
tastyFood_simp_L03,7.272727273,7.141554018,7.403900527
tastyFood_simp_L04,6.095238095,5.933306382,6.257169808
tastyFood_simp_L05,2.476190476,2.367295953,2.585085
tastyFood_simpNoTex_L01,8.578947368,8.504418477,8.653476259
tastyFood_simpNoTex_L02,8.363636364,8.285346348,8.441926379
tastyFood_simpNoTex_L03,8.333333333,8.203750618,8.462916049
tastyFood_simpNoTex_L04,7.1,6.968039854,7.231960146
vase_ds_L01,7.571428571,7.454412957,7.688444185
vase_ds_L02,6.454545455,6.312818718,6.596272191
vase_ds_L03,4.545454545,4.403727809,4.687181282
vase_ds_L04,3.136363636,3.028602376,3.244124896
vase_ds_L05,1.1,1.019615886,1.180384114
vase_gn_L01,7.863636364,7.786654246,7.940618481
vase_gn_L02,7.8,7.714980961,7.885019039
vase_gn_L03,6.894736842,6.726870202,7.062603482
vase_gn_L04,6.105263158,5.949320491,6.261205825
vase_gn_L05,4.666666667,4.484451277,4.848882057
vase_JPEG_L01,7.714285714,7.644768081,7.783803348
vase_JPEG_L02,7.318181818,7.199340337,7.437023299
vase_JPEG_L03,6.95,6.824091946,7.075908054
vase_JPEG_L04,6.166666667,6.024447322,6.308886012
vase_JPEG_L05,2.80952381,2.673745089,2.94530253
vase_JPEG_L06,1,0.931454689,1.068545311
vase_qp_L01,7.909090909,7.806688186,8.011493632
vase_qp_L02,8.1,8.013070182,8.186929818
vase_qp_L03,8.35,8.290110612,8.409889388
vase_qp_L04,8,7.908036815,8.091963185
vase_qp_L05,7.05,6.8896581,7.2103419
vase_qpqt_L01,8.263157895,8.150609699,8.37570609
vase_qpqt_L02,8,7.908036815,8.091963185
vase_qpqt_L03,8.2,8.114980961,8.285019039
vase_qpqt_L04,7.684210526,7.588937462,7.77948359
vase_qpqt_L05,7.272727273,7.147900265,7.397554281
vase_qpqt_L06,6.954545455,6.825572178,7.083518731
vase_qpqtJPEG_L01,7.263157895,7.145030305,7.381285485
vase_qpqtJPEG_L02,5.227272727,5.103261833,5.351283621
vase_qpqtJPEG_L03,1,0.942680176,1.057319824
vase_qpqtJPEG_L04,7.363636364,7.23134195,7.495930778
vase_qpqtJPEG_L05,5.222222222,5.0585187,5.385925744
vase_qpqtJPEG_L06,0.8,0.737209278,0.862790722
vase_qpqtJPEG_L07,6.952380952,6.791697554,7.113064351
vase_qpqtJPEG_L08,5.045454545,4.913369624,5.177539467
vase_qpqtJPEG_L09,1.090909091,1.034558099,1.147260082
vase_simp_L01,8.181818182,8.098059634,8.265576729
vase_simp_L02,7.45,7.337896139,7.562103861
vase_simp_L03,6.888888889,6.701965739,7.075812039
vase_simp_L04,6.619047619,6.464322796,6.773772442
vase_simp_L05,4.818181818,4.650444451,4.985919185
vase_simpNoTex_L01,7.894736842,7.771007714,8.01846597
vase_simpNoTex_L02,6.842105263,6.684649603,6.999560923
vase_simpNoTex_L03,5.761904762,5.58606296,5.937746564
vase_simpNoTex_L04,3.833333333,3.72111141,3.945555257
vaso_ds_L01,6.857142857,6.729693862,6.984591852
vaso_ds_L02,6.2,6.032558076,6.367441924
vaso_ds_L03,4.2,4.039231772,4.360768228
vaso_ds_L04,2.636363636,2.478843176,2.793884097
vaso_ds_L05,0.590909091,0.53638979,0.645428392
vaso_gn_L01,6.428571429,6.315642416,6.541500442
vaso_gn_L02,4,3.87738242,4.12261758
vaso_gn_L03,3.590909091,3.481785865,3.700032317
vaso_gn_L04,2.722222222,2.606283338,2.838161106
vaso_gn_L05,2.19047619,2.073269531,2.30768285
vaso_JPEG_L01,8.047619048,7.953254331,8.141983764
vaso_JPEG_L02,7.181818182,7.084594443,7.279041921
vaso_JPEG_L03,6.619047619,6.498453874,6.739641364
vaso_JPEG_L04,5.333333333,5.177050698,5.489615969
vaso_JPEG_L05,4.222222222,4.045082751,4.399361694
vaso_JPEG_L06,1.35,1.260739211,1.439260789
vaso_qp_L01,8.5,8.429797839,8.570202161
vaso_qp_L02,8.409090909,8.335542861,8.482638957
vaso_qp_L03,8.318181818,8.258489837,8.377873799
vaso_qp_L04,8,7.946821582,8.053178418
vaso_qp_L05,6.631578947,6.501185852,6.761972042
vaso_qpqt_L01,8.476190476,8.381117128,8.571263824
vaso_qpqt_L02,8.454545455,8.352866435,8.556224475
vaso_qpqt_L03,8.409090909,8.325222226,8.492959593
vaso_qpqt_L04,8.210526316,8.088450658,8.332601974
vaso_qpqt_L05,8.05,7.988309026,8.111690974
vaso_qpqt_L06,7,6.83453192,7.16546808
vaso_qpqtJPEG_L01,7.619047619,7.506515546,7.731579692
vaso_qpqtJPEG_L02,6.136363636,5.982099917,6.290627355
vaso_qpqtJPEG_L03,1.863636364,1.738440153,1.988832574
vaso_qpqtJPEG_L04,7.421052632,7.276142557,7.565962706
vaso_qpqtJPEG_L05,5.727272727,5.551159499,5.903385956
vaso_qpqtJPEG_L06,1.571428571,1.471759689,1.671097454
vaso_qpqtJPEG_L07,6.095238095,5.958474269,6.232001922
vaso_qpqtJPEG_L08,4.666666667,4.559011969,4.774321364
vaso_qpqtJPEG_L09,1.772727273,1.687548062,1.857906484
vaso_simp_L01,8.238095238,8.151909154,8.324281322
vaso_simp_L02,8.105263158,8.004462501,8.206063815
vaso_simp_L03,7.5,7.373337742,7.626662258
vaso_simp_L04,5.80952381,5.666992253,5.952055366
vaso_simp_L05,5.35,5.190342594,5.509657406
vaso_simpNoTex_L01,8,7.940544722,8.059455278
vaso_simpNoTex_L02,7.636363636,7.5755988,7.697128473
vaso_simpNoTex_L03,6.35,6.180364952,6.519635048
vaso_simpNoTex_L04,5.052631579,4.838959546,5.266303612
violin_ds_L01,7.904761905,7.782509803,8.027014007
violin_ds_L02,7.666666667,7.542778404,7.790554929
violin_ds_L03,7.318181818,7.217873814,7.418489822
violin_ds_L04,5.722222222,5.523746523,5.920697922
violin_ds_L05,3.5,3.369710303,3.630289697
violin_gn_L01,7.35,7.229423829,7.470576171
violin_gn_L02,7.227272727,7.133038239,7.321507216
violin_gn_L03,6.75,6.65713127,6.84286873
violin_gn_L04,5.238095238,5.091386615,5.384803861
violin_gn_L05,4.65,4.512452326,4.787547674
violin_JPEG_L01,7.409090909,7.316039327,7.502142491
violin_JPEG_L02,7.238095238,7.127974846,7.34821563
violin_JPEG_L03,6.818181818,6.70193184,6.934431796
violin_JPEG_L04,4.833333333,4.657515369,5.009151298
violin_JPEG_L05,2.904761905,2.782509803,3.027014007
violin_JPEG_L06,1.571428571,1.454412957,1.688444185
violin_qp_L01,7.526315789,7.451333831,7.601297748
violin_qp_L02,7.473684211,7.369903582,7.577464839
violin_qp_L03,6.681818182,6.553131513,6.810504851
violin_qp_L04,4,3.882486398,4.117513602
violin_qp_L05,1.45,1.365789914,1.534210086
violin_qpqt_L01,8.05,7.959520577,8.140479423
violin_qpqt_L02,8.238095238,8.127974846,8.34821563
violin_qpqt_L03,8,7.915917539,8.084082461
violin_qpqt_L04,6.952380952,6.835748369,7.069013535
violin_qpqt_L05,3.454545455,3.337978287,3.571112623
violin_qpqt_L06,1.272727273,1.181782792,1.363671753
violin_qpqtJPEG_L01,7.4,7.283465353,7.516534647
violin_qpqtJPEG_L02,5.368421053,5.167999197,5.568842909
violin_qpqtJPEG_L03,1.333333333,1.23968261,1.426984057
violin_qpqtJPEG_L04,6.25,6.098798024,6.401201976
violin_qpqtJPEG_L05,5.05,4.911658393,5.188341607
violin_qpqtJPEG_L06,1.333333333,1.225678636,1.440988031
violin_qpqtJPEG_L07,1.714285714,1.59499774,1.833573688
violin_qpqtJPEG_L08,1.736842105,1.603368434,1.870315777
violin_qpqtJPEG_L09,0.578947368,0.524353475,0.633541262
violin_simp_L01,7.095238095,6.948529472,7.241946718
violin_simp_L02,7.047619048,6.915854382,7.179383713
violin_simp_L03,4.947368421,4.76989055,5.124846292
violin_simp_L04,3.863636364,3.717484614,4.009788113
violin_simp_L05,1.5,1.382996398,1.617003602
violin_simpNoTex_L01,7.85,7.767100657,7.932899343
violin_simpNoTex_L02,6.736842105,6.507571386,6.966112825
violin_simpNoTex_L03,5.210526316,4.996537497,5.424515134
violin_simpNoTex_L04,3.857142857,3.637614335,4.076671379
wareBowl_ds_L01,5.80952381,5.696396849,5.92265077
wareBowl_ds_L02,5.19047619,5.051280096,5.329672285
wareBowl_ds_L03,3.055555556,2.917573486,3.193537625
wareBowl_ds_L04,1.611111111,1.506719393,1.715502829
wareBowl_ds_L05,0.095238095,0.066079949,0.124396241
wareBowl_gn_L01,5.142857143,5.004790774,5.280923511
wareBowl_gn_L02,3.818181818,3.668349974,3.968013663
wareBowl_gn_L03,2.954545455,2.766616013,3.142474896
wareBowl_gn_L04,2.5,2.364057774,2.635942226
wareBowl_gn_L05,1.380952381,1.249187715,1.512717047
wareBowl_JPEG_L01,7.95,7.819815418,8.080184582
wareBowl_JPEG_L02,7.7,7.605813918,7.794186082
wareBowl_JPEG_L03,6.863636364,6.752169734,6.975102993
wareBowl_JPEG_L04,4.761904762,4.57568149,4.948128034
wareBowl_JPEG_L05,2.333333333,2.176027196,2.490639471
wareBowl_JPEG_L06,1.136363636,1.036424413,1.23630286
wareBowl_qp_L01,8.35,8.267100657,8.432899343
wareBowl_qp_L02,8.318181818,8.246155619,8.390208017
wareBowl_qp_L03,8.19047619,8.10048036,8.280472021
wareBowl_qp_L04,8.2,8.102950467,8.297049533
wareBowl_qp_L05,5.523809524,5.378018795,5.669600253
wareBowl_qpqt_L01,8.5,8.4093694,8.5906306
wareBowl_qpqt_L02,8.3,8.200169115,8.399830885
wareBowl_qpqt_L03,8.136363636,8.04057466,8.232152613
wareBowl_qpqt_L04,8.142857143,8.03112318,8.254591106
wareBowl_qpqt_L05,7.454545455,7.348947427,7.560143482
wareBowl_qpqt_L06,5.263157895,5.11162128,5.41469451
wareBowl_qpqtJPEG_L01,7.368421053,7.219590666,7.517251439
wareBowl_qpqtJPEG_L02,4.727272727,4.573308492,4.881236963
wareBowl_qpqtJPEG_L03,0.619047619,0.561893895,0.676201343
wareBowl_qpqtJPEG_L04,7.227272727,7.133038239,7.321507216
wareBowl_qpqtJPEG_L05,4.947368421,4.82066396,5.074072882
wareBowl_qpqtJPEG_L06,0.714285714,0.651891729,0.7766797
wareBowl_qpqtJPEG_L07,5.045454545,4.948897709,5.142011382
wareBowl_qpqtJPEG_L08,4.3,4.127722378,4.472277622
wareBowl_qpqtJPEG_L09,0.8,0.746638148,0.853361852
wareBowl_simp_L01,8.238095238,8.163605929,8.312584547
wareBowl_simp_L02,8.090909091,8.015993169,8.165825013
wareBowl_simp_L03,7.736842105,7.618714515,7.854969695
wareBowl_simp_L04,7.619047619,7.515201176,7.722894062
wareBowl_simp_L05,4.954545455,4.849913416,5.059177493
wareBowl_simpNoTex_L01,7.636363636,7.510358989,7.762368284
wareBowl_simpNoTex_L02,3.761904762,3.580797823,3.943011701
wareBowl_simpNoTex_L03,3.272727273,3.076955076,3.468499469
wareBowl_simpNoTex_L04,1.761904762,1.583410977,1.940398547
waterBuffalo_ds_L01,7.476190476,7.358983816,7.593397136
waterBuffalo_ds_L02,5.947368421,5.755935615,6.138801227
waterBuffalo_ds_L03,3.727272727,3.560639634,3.893905821
waterBuffalo_ds_L04,2.136363636,2.014454774,2.258272499
waterBuffalo_ds_L05,0.681818182,0.562976701,0.800659663
waterBuffalo_gn_L01,7.666666667,7.583654173,7.749679161
waterBuffalo_gn_L02,6.090909091,5.963737709,6.218080473
waterBuffalo_gn_L03,5.318181818,5.189495149,5.446868487
waterBuffalo_gn_L04,4.523809524,4.354185021,4.693434027
waterBuffalo_gn_L05,4.272727273,4.132572416,4.41288213
waterBuffalo_JPEG_L01,8.25,8.151411013,8.348588987
waterBuffalo_JPEG_L02,8.095238095,7.998763099,8.191713091
waterBuffalo_JPEG_L03,7.789473684,7.657274862,7.921672506
waterBuffalo_JPEG_L04,5.045454545,4.890712859,5.200196232
waterBuffalo_JPEG_L05,3.285714286,3.141466359,3.429962212
waterBuffalo_JPEG_L06,1.315789474,1.207849587,1.42372936
waterBuffalo_qp_L01,8.5,8.43165644,8.56834356
waterBuffalo_qp_L02,8.333333333,8.277366321,8.389300345
waterBuffalo_qp_L03,7.952380952,7.868563795,8.03619811
waterBuffalo_qp_L04,7.681818182,7.585644509,7.777991855
waterBuffalo_qp_L05,6.272727273,6.158076408,6.387378138
waterBuffalo_qpqt_L01,8.45,8.372565181,8.527434819
waterBuffalo_qpqt_L02,8.3,8.218264798,8.381735202
waterBuffalo_qpqt_L03,8.368421053,8.272087402,8.464754703
waterBuffalo_qpqt_L04,8.25,8.140866306,8.359133694
waterBuffalo_qpqt_L05,7.904761905,7.830272596,7.979251214
waterBuffalo_qpqt_L06,5.6,5.411627835,5.788372165
waterBuffalo_qpqtJPEG_L01,7.9,7.776618052,8.023381948
waterBuffalo_qpqtJPEG_L02,5.590909091,5.425555029,5.756263153
waterBuffalo_qpqtJPEG_L03,0.952380952,0.8806458,1.024116104
waterBuffalo_qpqtJPEG_L04,7.95,7.865789914,8.034210086
waterBuffalo_qpqtJPEG_L05,5,4.869740011,5.130259989
waterBuffalo_qpqtJPEG_L06,1,0.92479436,1.07520564
waterBuffalo_qpqtJPEG_L07,5.684210526,5.511962288,5.856458764
waterBuffalo_qpqtJPEG_L08,4.428571429,4.273557671,4.583585187
waterBuffalo_qpqtJPEG_L09,1.047619048,0.969608638,1.125629457
waterBuffalo_simp_L01,7.590909091,7.497857509,7.683960673
waterBuffalo_simp_L02,7.476190476,7.397324351,7.555056601
waterBuffalo_simp_L03,7,6.86638059,7.13361941
waterBuffalo_simp_L04,6.6,6.436529596,6.763470404
waterBuffalo_simp_L05,5.4,5.250528185,5.549471815
waterBuffalo_simpNoTex_L01,8,7.890369883,8.109630117
waterBuffalo_simpNoTex_L02,6,5.832098964,6.167901036
waterBuffalo_simpNoTex_L03,5.181818182,5.00696743,5.356668934
waterBuffalo_simpNoTex_L04,3.590909091,3.449377885,3.732440297
watermelon_ds_L01,7.714285714,7.621595536,7.806975892
watermelon_ds_L02,7.227272727,7.120890868,7.333654586
watermelon_ds_L03,5.736842105,5.594051057,5.879633153
watermelon_ds_L04,4.6,4.478857475,4.721142525
watermelon_ds_L05,1,0.931454689,1.068545311
watermelon_gn_L01,7.9,7.756128383,8.043871617
watermelon_gn_L02,6.523809524,6.351437357,6.696181691
watermelon_gn_L03,5.65,5.459101175,5.840898825
watermelon_gn_L04,3.409090909,3.264718465,3.553463353
watermelon_gn_L05,3.05,2.903956256,3.196043744
watermelon_JPEG_L01,8.454545455,8.38062184,8.528469069
watermelon_JPEG_L02,8.35,8.281575397,8.418424603
watermelon_JPEG_L03,8.157894737,8.068112336,8.247677138
watermelon_JPEG_L04,8.2,8.114980961,8.285019039
watermelon_JPEG_L05,7.636363636,7.507175821,7.765551452
watermelon_JPEG_L06,4.428571429,4.276618892,4.580523965
watermelon_qp_L01,8.619047619,8.529800727,8.708294512
watermelon_qp_L02,8.380952381,8.277105938,8.484798824
watermelon_qp_L03,8.444444444,8.346985098,8.541903791
watermelon_qp_L04,8.157894737,8.075591345,8.240198129
watermelon_qp_L05,7.947368421,7.825848919,8.068887923
watermelon_qpqt_L01,8.526315789,8.443193438,8.609438141
watermelon_qpqt_L02,8.384846547,8.280319817,8.44695291
watermelon_qpqt_L03,8.363636364,8.285346348,8.441926379
watermelon_qpqt_L04,8.227272727,8.147003321,8.307542134
watermelon_qpqt_L05,8.181818182,8.10839575,8.255240614
watermelon_qpqt_L06,7.181818182,7.046215897,7.317420467
watermelon_qpqtJPEG_L01,8.263157895,8.145030305,8.381285485
watermelon_qpqtJPEG_L02,7.727272727,7.636328247,7.818217208
watermelon_qpqtJPEG_L03,4.238095238,4.073287557,4.402902919
watermelon_qpqtJPEG_L04,7.947368421,7.810883686,8.083853156
watermelon_qpqtJPEG_L05,7.421052632,7.35572634,7.486378924
watermelon_qpqtJPEG_L06,4.772727273,4.642330407,4.903124139
watermelon_qpqtJPEG_L07,7.454545455,7.324787271,7.584303638
watermelon_qpqtJPEG_L08,6.65,6.483624334,6.816375666
watermelon_qpqtJPEG_L09,4.409090909,4.253872726,4.564309092
watermelon_simp_L01,8.818181818,8.763832096,8.872531541
watermelon_simp_L02,7.368421053,7.223979186,7.512862919
watermelon_simp_L03,8.136363636,8.04057466,8.232152613
watermelon_simp_L04,6.7,6.575733582,6.824266418
watermelon_simp_L05,4.421052632,4.30037217,4.541733093
watermelon_simpNoTex_L01,7.952380952,7.853162044,8.05159986
watermelon_simpNoTex_L02,7.35,7.224964803,7.475035197
watermelon_simpNoTex_L03,5.666666667,5.539042243,5.79429109
watermelon_simpNoTex_L04,4.19047619,4.0859854,4.294966981
winterGirl_ds_L01,6.8,6.646194771,6.953805229
winterGirl_ds_L02,6.238095238,6.067681167,6.408509309
winterGirl_ds_L03,5.55,5.407755184,5.692244816
winterGirl_ds_L04,4.05,3.855689459,4.244310541
winterGirl_ds_L05,1.409090909,1.299967683,1.518214135
winterGirl_gn_L01,6.545454545,6.377497195,6.713411896
winterGirl_gn_L02,3.454545455,3.321694009,3.5873969
winterGirl_gn_L03,2.909090909,2.738299555,3.079882263
winterGirl_gn_L04,1.619047619,1.483764142,1.754331096
winterGirl_gn_L05,1.238095238,1.136867194,1.339323282
winterGirl_JPEG_L01,8.105263158,7.992414433,8.218111883
winterGirl_JPEG_L02,8.095238095,7.994010052,8.196466139
winterGirl_JPEG_L03,7.210526316,7.047781894,7.373270738
winterGirl_JPEG_L04,5.666666667,5.497835423,5.83549791
winterGirl_JPEG_L05,3.285714286,3.178894133,3.392534438
winterGirl_JPEG_L06,1.909090909,1.788476152,2.029705666
winterGirl_qp_L01,8.523809524,8.457927191,8.589691857
winterGirl_qp_L02,8.318181818,8.246155619,8.390208017
winterGirl_qp_L03,8.090909091,8.021626517,8.160191665
winterGirl_qp_L04,7.105263158,6.98153403,7.228992286
winterGirl_qp_L05,3.35,3.183624334,3.516375666
winterGirl_qpqt_L01,8.523809524,8.419318733,8.628300314
winterGirl_qpqt_L02,8.454545455,8.38062184,8.528469069
winterGirl_qpqt_L03,8.428571429,8.344222093,8.512920764
winterGirl_qpqt_L04,8.136363636,8.036424413,8.23630286
winterGirl_qpqt_L05,6.727272727,6.568119887,6.886425568
winterGirl_qpqt_L06,3,2.913296278,3.086703722
winterGirl_qpqtJPEG_L01,7.571428571,7.462739703,7.680117439
winterGirl_qpqtJPEG_L02,6.590909091,6.433095896,6.748722286
winterGirl_qpqtJPEG_L03,1.761904762,1.656137051,1.867672473
winterGirl_qpqtJPEG_L04,7.894736842,7.771007714,8.01846597
winterGirl_qpqtJPEG_L05,6.19047619,6.047944634,6.333007747
winterGirl_qpqtJPEG_L06,2.523809524,2.391536439,2.656082608
winterGirl_qpqtJPEG_L07,2.761904762,2.605883943,2.91792558
winterGirl_qpqtJPEG_L08,1.714285714,1.599003761,1.829567668
winterGirl_qpqtJPEG_L09,1.636363636,1.520431716,1.752295556
winterGirl_simp_L01,8.3,8.218264798,8.381735202
winterGirl_simp_L02,8.285714286,8.193024108,8.378404464
winterGirl_simp_L03,7.476190476,7.336994382,7.615386571
winterGirl_simp_L04,7.047619048,6.899091653,7.196146442
winterGirl_simp_L05,2.19047619,2.002459394,2.378492987
winterGirl_simpNoTex_L01,8.142857143,8.035410474,8.250303812
winterGirl_simpNoTex_L02,7.571428571,7.471759689,7.671097454
winterGirl_simpNoTex_L03,7.368421053,7.223979186,7.512862919
winterGirl_simpNoTex_L04,7.105263158,6.98153403,7.228992286
zakopaneChair_ds_L01,7.863636364,7.772185789,7.955086938
zakopaneChair_ds_L02,6.238095238,6.079091503,6.397098973
zakopaneChair_ds_L03,5.863636364,5.7120284,6.015244327
zakopaneChair_ds_L04,3.105263158,2.945247076,3.26527924
zakopaneChair_ds_L05,1.863636364,1.76369714,1.963575587
zakopaneChair_gn_L01,7.523809524,7.423916414,7.623702634
zakopaneChair_gn_L02,6.736842105,6.55803337,6.915650841
zakopaneChair_gn_L03,5.545454545,5.422115397,5.668793693
zakopaneChair_gn_L04,4.428571429,4.307607195,4.549535662
zakopaneChair_gn_L05,3.80952381,3.670327715,3.948719904
zakopaneChair_JPEG_L01,8.142857143,8.060114609,8.225599677
zakopaneChair_JPEG_L02,7.85,7.729423829,7.970576171
zakopaneChair_JPEG_L03,7.761904762,7.660676718,7.863132806
zakopaneChair_JPEG_L04,7.55,7.459520577,7.640479423
zakopaneChair_JPEG_L05,4.409090909,4.292761553,4.525420266
zakopaneChair_JPEG_L06,2.666666667,2.535412389,2.797920945
zakopaneChair_qp_L01,8.5,8.4093694,8.5906306
zakopaneChair_qp_L02,8.421052632,8.338338747,8.503766517
zakopaneChair_qp_L03,8.454545455,8.370347227,8.538743682
zakopaneChair_qp_L04,7.428571429,7.328902546,7.528240311
zakopaneChair_qp_L05,6.3,6.163150795,6.436849205
zakopaneChair_qpqt_L01,8.666666667,8.589521464,8.743811869
zakopaneChair_qpqt_L02,8.35,8.243919602,8.456080398
zakopaneChair_qpqt_L03,8.35,8.281575397,8.418424603
zakopaneChair_qpqt_L04,8.25,8.146004924,8.353995076
zakopaneChair_qpqt_L05,8.136363636,8.054274862,8.218452411
zakopaneChair_qpqt_L06,5.428571429,5.264716795,5.592426062
zakopaneChair_qpqtJPEG_L01,8.095238095,7.985117703,8.205358487
zakopaneChair_qpqtJPEG_L02,7.2,7.053488316,7.346511684
zakopaneChair_qpqtJPEG_L03,2.888888889,2.74328114,3.034496637
zakopaneChair_qpqtJPEG_L04,7.857142857,7.719076489,7.995209226
zakopaneChair_qpqtJPEG_L05,8.15,8.067100657,8.232899343
zakopaneChair_qpqtJPEG_L06,2.909090909,2.806688186,3.011493632
zakopaneChair_qpqtJPEG_L07,6.2,6.077956774,6.322043226
zakopaneChair_qpqtJPEG_L08,4.681818182,4.573714822,4.789921542
zakopaneChair_qpqtJPEG_L09,1.8,1.714980961,1.885019039
zakopaneChair_simp_L01,8.363636364,8.25126248,8.476010247
zakopaneChair_simp_L02,8.142857143,8.035410474,8.250303812
zakopaneChair_simp_L03,7.285714286,7.178894133,7.392534438
zakopaneChair_simp_L04,6.954545455,6.813536988,7.095553921
zakopaneChair_simp_L05,2.25,2.098798024,2.401201976
zakopaneChair_simpNoTex_L01,8.476190476,8.381117128,8.571263824
zakopaneChair_simpNoTex_L02,7,6.869390934,7.130609066
zakopaneChair_simpNoTex_L03,4.761904762,4.594270447,4.929539077
zakopaneChair_simpNoTex_L04,3.95,3.811658393,4.088341607
